filing_year,ward,eviction_filings_total,eviction_filings_rate,eviction_filings_sealed,eviction_filings_unclear,eviction_filings_completed,case_type_single_action,case_type_joint_action,back_rent_median,back_rent_0,back_rent_1_to_999,back_rent_1000_to_2499,back_rent_2500_to_4999,back_rent_5000_or_more,landlord_prose,landlord_represented,tenant_prose,tenant_represented,tenant_rep_pa,tenant_rep_laa,eviction_order_yes,eviction_order_no,eviction_order_yes_tenant_prose,eviction_order_no_tenant_prose,eviction_order_yes_tenant_represented,eviction_order_no_tenant_represented,eviction_order_yes_tenant_rep_pa,eviction_order_no_tenant_rep_pa,eviction_order_yes_tenant_rep_laa,eviction_order_no_tenant_rep_laa,ftu_eviction_order,ftu_other_outcome,ftu_no_outcome,ftu_eviction_order_tenant_prose,ftu_other_outcome_tenant_prose,ftu_no_outcome_tenant_prose,ftu_eviction_order_tenant_represented,ftu_other_outcome_tenant_represented,ftu_no_outcome_tenant_represented,default_eviction_order_yes,default_eviction_order_no,default_eviction_order_yes_tenant_prose,default_eviction_order_no_tenant_prose,default_eviction_order_yes_tenant_represented,default_eviction_order_no_tenant_represented
2010,1,307,1.92,15,2,290,66,224,2369.0,65,40,82,63,40,69,221,250,40,26,14,176,114,160,90,16,24,13,13,3,11,104,25,161,100,25,125,4,0,36,40,250,39,211,1,39
2011,1,376,2.35,19,3,354,98,256,2040.0,94,55,96,66,43,87,267,305,49,33,16,186,168,172,133,14,35,13,20,1,15,109,31,214,107,31,167,2,0,47,41,313,41,264,0,49
2012,1,342,2.14,24,8,310,89,221,1762.78,90,70,63,58,29,59,251,275,35,26,9,172,138,156,119,16,19,15,11,1,8,102,28,180,100,28,147,2,0,33,47,263,45,230,2,33
2013,1,280,1.75,28,5,247,73,174,1925.0,75,46,59,53,14,47,200,206,41,27,14,140,107,119,87,21,20,16,11,5,9,73,22,152,69,22,115,4,0,37,9,238,9,197,0,41
2014,1,257,1.61,36,3,218,69,149,2029.35,68,34,51,36,29,40,178,184,34,21,13,116,102,104,80,12,22,10,11,2,11,65,32,121,64,32,88,1,0,33,11,207,9,175,2,32
2015,1,232,1.45,58,3,171,47,124,2552.0,47,20,40,41,23,20,151,135,36,28,8,95,76,81,54,14,22,12,16,2,6,51,24,96,49,24,62,2,0,34,9,162,8,127,1,35
2016,1,181,1.13,28,3,150,28,122,1856.5,28,34,46,32,10,23,127,131,19,19,0,92,58,79,52,13,6,13,6,0,0,50,24,76,49,24,58,1,0,18,23,127,22,109,1,18
2017,1,161,1.0,24,1,136,29,107,2650.75,29,14,39,37,17,23,113,117,19,16,3,78,58,68,49,10,9,9,7,1,2,44,19,73,41,19,57,3,0,16,21,115,19,98,2,17
2018,1,129,0.8,11,1,117,17,100,2520.98,18,13,34,32,20,10,107,102,15,12,3,67,50,62,40,5,10,5,7,0,3,30,19,68,28,19,55,2,0,13,29,88,29,73,0,15
2019,1,143,0.89,13,7,123,36,87,2560.0,34,13,29,25,22,12,111,108,15,10,5,62,61,58,50,4,11,4,6,0,5,30,16,77,30,16,62,0,0,15,22,101,21,87,1,14
2010,2,441,2.45,9,1,431,56,375,2352.89,55,36,166,102,72,39,392,378,53,39,14,225,206,204,174,21,32,21,18,0,14,120,61,250,116,59,203,4,2,47,67,364,63,315,4,49
2011,2,506,2.78,13,10,483,64,419,2527.78,61,48,159,136,79,65,418,429,54,44,10,265,218,241,188,24,30,22,22,2,8,162,62,259,158,61,210,4,1,49,86,397,79,350,7,47
2012,2,415,2.26,21,3,391,56,335,2373.0,56,52,128,96,59,38,353,361,30,25,5,218,173,201,160,17,13,16,9,1,4,136,58,197,134,58,169,2,0,28,82,309,77,284,5,25
2013,2,266,1.44,14,1,251,40,211,3028.65,38,18,77,58,60,19,232,215,36,27,9,151,100,140,75,11,25,10,17,1,8,99,34,118,97,34,84,2,0,34,24,227,24,191,0,36
2014,2,237,1.27,10,2,225,31,194,2800.0,30,24,65,58,48,16,209,196,29,25,4,103,122,97,99,6,23,6,19,0,4,65,47,113,64,47,85,1,0,28,20,205,19,177,1,28
2015,2,269,1.43,23,4,242,23,219,2988.21,23,25,64,67,63,14,228,210,32,26,6,120,122,104,106,16,16,16,10,0,6,70,43,129,68,43,99,2,0,30,41,201,38,172,3,29
2016,2,220,1.16,29,1,190,31,159,2950.0,31,19,46,54,40,12,178,163,27,20,7,102,88,90,73,12,15,11,9,1,6,57,44,89,56,44,63,1,0,26,22,168,20,143,2,25
2017,2,224,1.17,20,3,201,32,169,2895.0,32,19,53,50,47,13,188,162,39,36,3,94,107,75,87,19,20,18,18,1,2,51,56,94,47,55,60,4,1,34,30,171,27,135,3,36
2018,2,193,1.0,16,3,174,22,152,3826.66,22,6,39,59,48,11,163,155,19,15,4,81,93,68,87,13,6,11,4,2,2,41,46,87,38,46,71,3,0,16,23,151,23,132,0,19
2019,2,180,0.92,14,4,162,28,134,3575.56,28,19,27,43,45,6,156,145,17,13,4,85,77,78,67,7,10,7,6,0,4,40,27,95,39,26,80,1,1,15,39,123,39,106,0,17
2010,3,964,6.37,28,4,932,155,777,2298.81,149,123,296,244,120,120,812,821,111,74,37,540,392,497,324,43,68,35,39,8,29,277,113,542,270,113,438,7,0,104,167,765,159,662,8,103
2011,3,970,6.26,23,10,937,127,810,2462.5,124,153,260,260,140,130,807,814,123,83,40,499,438,457,357,42,81,36,47,6,34,270,94,573,267,90,457,3,4,116,148,789,141,673,7,116
2012,3,1065,6.72,45,5,1015,155,860,1962.86,151,211,310,225,118,105,910,884,131,83,48,549,466,495,389,54,77,43,40,11,37,290,151,574,285,150,449,5,1,125,197,818,188,696,9,122
2013,3,1066,6.57,43,9,1014,199,815,1988.0,172,229,262,213,138,110,904,890,124,79,45,587,427,551,339,36,88,32,47,4,41,373,129,512,370,124,396,3,5,116,70,944,70,820,0,124
2014,3,1019,6.14,77,7,935,119,816,1859.0,112,232,274,194,123,89,846,828,107,83,24,544,391,505,323,39,68,31,52,8,16,342,152,441,335,148,345,7,4,96,63,872,62,766,1,106
2015,3,830,4.9,107,11,712,96,616,1967.53,96,123,251,154,88,71,641,626,86,68,18,406,306,371,255,35,51,32,36,3,15,203,102,407,201,101,324,2,1,83,89,623,88,538,1,85
2016,3,759,4.38,114,7,638,82,556,2264.45,70,103,200,159,106,68,570,548,90,75,15,353,285,315,233,38,52,35,40,3,12,179,112,347,174,110,264,5,2,83,82,556,77,471,5,85
2017,3,698,3.95,54,3,641,73,568,2597.64,73,61,211,175,121,65,576,556,85,70,15,349,292,305,251,44,41,42,28,2,13,179,119,343,175,115,266,4,4,77,86,555,82,474,4,81
2018,3,719,3.98,60,10,649,67,582,2500.0,86,77,204,158,124,36,613,562,87,72,15,370,279,321,241,49,38,47,25,2,13,158,100,391,152,99,311,6,1,80,110,539,105,457,5,82
2019,3,733,3.98,70,22,641,119,522,2872.7,118,61,170,172,120,36,605,583,58,51,7,373,268,337,246,36,22,35,16,1,6,153,99,389,149,99,335,4,0,54,148,493,139,444,9,49
2010,4,1317,6.8,31,10,1276,117,1159,1467.8,109,414,397,232,124,57,1219,1154,122,83,39,635,641,591,563,44,78,38,45,6,33,418,252,606,413,251,490,5,1,116,177,1099,170,984,7,115
2011,4,1235,6.21,19,12,1204,134,1070,1400.0,121,377,402,183,121,55,1149,1083,121,88,33,605,599,554,529,51,70,45,43,6,27,357,180,667,351,176,556,6,4,111,175,1029,164,919,11,110
2012,4,1214,5.94,29,16,1169,118,1051,1554.0,114,323,422,194,116,54,1115,1056,113,78,35,586,583,546,510,40,73,35,43,5,30,373,220,576,367,217,472,6,3,104,221,948,210,846,11,102
2013,4,1017,4.85,20,10,987,123,864,1584.5,115,236,367,150,119,43,944,884,103,72,31,542,445,492,392,50,53,45,27,5,26,352,184,451,346,181,357,6,3,94,82,905,79,805,3,100
2014,4,1132,5.27,70,8,1054,68,986,1705.95,67,209,485,207,86,31,1023,969,85,72,13,552,502,512,457,40,45,38,34,2,11,342,209,503,337,209,423,5,0,80,80,974,75,894,5,80
2015,4,977,4.44,85,5,887,88,799,1801.78,85,145,406,171,80,42,845,790,97,79,18,462,425,419,371,43,54,39,40,4,14,259,168,460,253,164,373,6,4,87,85,802,83,707,2,95
2016,4,973,4.32,115,7,851,89,762,2106.65,89,98,348,231,85,27,824,761,90,77,13,475,376,436,325,39,51,37,40,2,11,270,141,440,266,141,354,4,0,86,119,732,116,645,3,87
2017,4,974,4.22,72,13,889,60,829,2250.62,61,107,349,257,115,23,866,789,100,89,11,456,433,407,382,49,51,47,42,2,9,248,205,436,243,203,343,5,2,93,119,770,116,673,3,97
2018,4,961,4.07,90,12,859,80,779,2112.0,102,112,344,191,110,23,836,753,106,86,20,461,398,418,335,43,63,40,46,3,17,216,160,483,213,158,382,3,2,101,168,691,162,591,6,100
2019,4,842,3.49,73,30,739,97,642,2376.5,97,80,267,203,92,9,730,630,109,98,11,437,302,382,248,55,54,51,47,4,7,177,97,465,171,96,363,6,1,102,207,532,191,439,16,93
2010,5,1221,6.11,25,8,1188,162,1026,1833.5,156,247,428,241,116,125,1063,1061,127,96,31,701,487,636,425,65,62,57,39,8,23,467,133,588,453,131,477,14,2,111,182,1006,176,885,6,121
2011,5,1223,6.1,16,10,1197,210,987,1865.8,193,231,397,221,155,130,1067,1084,113,92,21,731,466,677,407,54,59,52,40,2,19,430,104,663,426,102,556,4,2,107,195,1002,185,899,10,103
2012,5,1185,5.89,30,9,1146,191,955,1777.47,186,197,444,183,136,116,1030,1036,110,89,21,747,399,697,339,50,60,44,45,6,15,432,84,630,426,82,528,6,2,102,238,908,231,805,7,103
2013,5,1230,6.1,30,10,1190,188,1002,1871.38,176,214,433,225,142,105,1085,1076,114,92,22,738,452,680,396,58,56,51,41,7,15,441,126,623,434,121,521,7,5,102,105,1085,102,974,3,111
2014,5,1115,5.51,56,6,1053,172,881,1873.81,166,176,398,192,121,99,954,952,101,84,17,618,435,571,381,47,54,42,42,5,12,370,113,570,366,112,474,4,1,96,79,974,79,873,0,101
2015,5,1190,5.86,98,6,1086,144,942,1905.0,141,212,382,221,130,87,999,951,135,122,13,641,445,577,374,64,71,60,62,4,9,351,183,552,345,180,426,6,3,126,100,986,97,854,3,132
2016,5,1059,5.2,104,9,946,63,883,2240.01,61,138,360,277,110,69,877,847,99,89,10,560,386,513,334,47,52,45,44,2,8,316,155,475,310,153,384,6,2,91,150,796,146,701,4,95
2017,5,1105,5.4,73,8,1024,100,924,2226.65,98,121,386,282,137,59,965,893,131,119,12,605,419,544,349,61,70,56,63,5,7,303,176,545,296,174,423,7,2,122,142,882,138,755,4,127
2018,5,1054,5.14,79,9,966,119,847,2355.49,165,99,339,228,135,41,925,855,111,102,9,589,377,526,329,63,48,61,41,2,7,257,156,553,249,153,453,8,3,100,181,785,171,684,10,101
2019,5,1175,5.71,95,32,1048,188,860,2529.75,192,84,331,315,126,37,1011,948,100,89,11,635,413,585,363,50,50,48,41,2,9,196,154,698,191,151,606,5,3,92,277,771,260,688,17,83
2010,6,920,5.86,46,10,864,202,662,1750.0,199,130,334,153,48,303,561,780,84,71,13,590,274,546,234,44,40,43,28,1,12,396,62,406,383,58,339,13,4,67,121,743,117,663,4,80
2011,6,918,5.92,26,10,882,217,665,1770.0,209,124,335,160,54,293,589,798,84,62,22,555,327,522,276,33,51,27,35,6,16,341,64,477,334,61,403,7,3,74,124,758,119,679,5,79
2012,6,1098,7.17,41,9,1048,216,832,1593.75,212,161,422,185,68,344,704,967,81,72,9,696,352,667,300,29,52,29,43,0,9,426,48,574,424,47,496,2,1,78,200,848,199,768,1,80
2013,6,1135,7.5,86,13,1036,241,795,1706.5,239,148,403,173,73,297,739,937,99,84,15,679,357,630,307,49,50,47,37,2,13,345,56,635,338,55,544,7,1,91,79,957,77,860,2,97
2014,6,1112,7.43,130,8,974,197,777,1825.0,193,137,371,181,92,282,692,886,88,78,10,609,365,569,317,40,48,35,43,5,5,321,78,575,315,77,494,6,1,81,71,903,68,818,3,85
2015,6,1079,7.3,172,4,903,158,745,1725.26,155,160,353,172,63,250,653,805,98,90,8,588,315,545,260,43,55,42,48,1,7,298,71,534,295,68,442,3,3,92,90,813,88,717,2,96
2016,6,900,6.17,136,8,756,114,642,1862.65,114,110,320,139,73,179,577,663,93,86,7,465,291,421,242,44,49,40,46,4,3,220,96,440,215,95,353,5,1,87,108,648,104,559,4,89
2017,6,915,6.35,108,5,802,113,689,1950.0,107,94,357,181,63,184,618,720,82,73,9,506,296,460,260,46,36,42,31,4,5,216,94,492,210,94,416,6,0,76,122,680,120,600,2,80
2018,6,872,6.13,105,11,756,84,672,2000.0,107,91,320,172,66,172,584,666,90,83,7,477,279,427,239,50,40,49,34,1,6,177,97,482,174,95,397,3,2,85,137,619,134,532,3,87
2019,6,879,6.26,140,20,719,175,544,2228.75,176,59,249,166,69,126,593,653,66,64,2,465,254,421,232,44,22,42,22,2,0,133,66,520,132,66,455,1,0,65,186,533,179,474,7,59
2010,7,1234,7.99,49,5,1180,228,952,1950.0,224,161,462,252,81,251,929,1077,103,77,26,808,372,755,322,53,50,45,32,8,18,540,114,526,527,112,438,13,2,88,186,994,182,895,4,99
2011,7,1316,8.65,20,12,1284,257,1027,1750.0,249,190,547,240,58,252,1032,1170,114,89,25,826,458,762,408,64,50,54,35,10,15,501,96,687,491,95,584,10,1,103,192,1092,185,985,7,107
2012,7,1559,10.39,32,17,1510,265,1245,1708.0,263,179,717,264,87,255,1255,1390,120,92,28,974,536,926,464,48,72,42,50,6,22,559,110,841,554,107,729,5,3,112,326,1184,323,1067,3,117
2013,7,1524,10.31,51,18,1455,249,1206,1700.0,242,183,707,232,91,234,1221,1351,104,87,17,962,493,914,437,48,56,46,41,2,15,524,108,823,519,107,725,5,1,98,125,1330,124,1227,1,103
2014,7,1487,10.21,107,6,1374,230,1144,1725.0,225,174,619,282,74,244,1130,1278,96,74,22,886,488,850,428,36,60,32,42,4,18,480,119,775,473,116,689,7,3,86,119,1255,117,1161,2,94
2015,7,1359,9.48,154,6,1199,156,1043,1683.0,150,188,566,219,76,161,1038,1089,110,98,12,785,414,723,366,62,48,56,42,6,6,357,113,729,350,108,631,7,5,98,174,1025,168,921,6,104
2016,7,1225,8.68,138,6,1081,119,962,1881.95,119,119,516,243,84,152,929,975,106,101,5,683,398,627,348,56,50,56,45,0,5,307,134,640,302,134,539,5,0,101,179,902,176,799,3,103
2017,7,1234,8.88,106,10,1118,147,971,1992.47,141,113,498,276,90,155,963,1005,113,104,9,708,410,647,358,61,52,59,45,2,7,299,135,684,293,132,580,6,3,104,180,938,173,832,7,106
2018,7,1127,8.24,99,7,1021,125,896,2075.0,218,73,397,241,92,122,899,921,100,89,11,651,370,607,314,44,56,42,47,2,9,237,115,669,232,114,575,5,1,94,249,772,239,682,10,90
2019,7,1152,8.57,120,24,1008,282,726,2133.75,288,62,372,203,83,104,904,912,96,86,10,621,387,579,333,42,54,39,47,3,7,175,100,733,171,98,643,4,2,90,270,738,262,650,8,88
2010,8,873,6.86,37,6,830,229,601,1800.0,227,141,274,135,53,205,625,757,73,60,13,545,285,513,244,32,41,30,30,2,11,353,80,397,351,78,328,2,2,69,95,735,93,664,2,71
2011,8,826,6.52,20,11,795,211,584,1799.5,208,114,283,135,55,192,603,712,83,67,16,532,263,498,214,34,49,32,35,2,14,339,59,397,337,56,319,2,3,78,118,677,115,597,3,80
2012,8,957,7.6,34,6,917,189,728,1720.0,182,146,368,162,59,201,716,858,59,47,12,600,317,580,278,20,39,19,28,1,11,378,58,481,377,58,423,1,0,58,181,736,178,680,3,56
2013,8,966,7.71,50,13,903,185,718,1683.75,185,134,365,159,60,184,719,823,80,66,14,627,276,590,233,37,43,33,33,4,10,336,49,518,332,48,443,4,1,75,70,833,69,754,1,79
2014,8,990,7.94,86,1,903,162,741,1681.99,155,130,404,144,70,157,746,819,84,71,13,567,336,529,290,38,46,31,40,7,6,295,61,547,291,61,467,4,0,80,84,819,82,737,2,82
2015,8,1023,8.25,148,4,871,120,751,1530.0,120,178,379,132,62,147,724,793,78,64,14,557,314,524,269,33,45,30,34,3,11,287,94,490,282,92,419,5,2,71,100,771,98,695,2,76
2016,8,897,7.28,111,5,781,101,680,1660.0,94,156,311,173,47,109,672,691,90,81,9,466,315,417,274,49,41,47,34,2,7,218,120,443,216,118,357,2,2,86,116,665,111,580,5,85
2017,8,871,7.1,79,1,791,84,707,1839.75,84,97,362,188,60,106,685,691,100,92,8,488,303,443,248,45,55,44,48,1,7,216,107,468,210,106,375,6,1,93,113,678,110,581,3,97
2018,8,833,6.83,101,8,724,81,643,1897.0,118,64,333,149,60,102,622,638,86,76,10,463,261,422,216,41,45,39,37,2,8,173,86,465,169,85,384,4,1,81,149,575,145,493,4,82
2019,8,940,7.75,123,26,791,233,558,2100.0,238,67,260,151,75,85,706,726,65,59,6,511,280,474,252,37,28,35,24,2,4,170,78,543,167,76,483,3,2,60,260,531,250,476,10,55
2010,9,587,6.35,22,7,558,110,448,1286.0,106,195,146,78,33,187,371,490,68,45,23,282,276,257,233,25,43,23,22,2,21,185,100,273,178,100,212,7,0,61,54,504,54,436,0,68
2011,9,698,7.48,27,6,665,141,524,1330.0,140,195,198,86,46,200,465,586,79,33,46,361,304,345,241,16,63,13,20,3,43,260,77,328,258,74,254,2,3,74,73,592,73,513,0,79
2012,9,746,7.93,30,8,708,129,579,1074.0,130,278,168,83,49,200,508,631,77,39,38,445,263,424,207,21,56,18,21,3,35,298,65,345,297,60,274,1,5,71,138,570,136,495,2,75
2013,9,678,7.14,42,3,633,118,515,1265.0,117,224,177,90,25,202,431,575,58,35,23,430,203,412,163,18,40,14,21,4,19,283,43,307,282,43,250,1,0,57,54,579,54,521,0,58
2014,9,714,7.45,68,3,643,99,544,1222.5,99,228,199,80,37,166,477,582,61,41,20,408,235,387,195,21,40,15,26,6,14,258,85,300,255,82,245,3,3,55,37,606,37,545,0,61
2015,9,643,6.65,111,2,530,88,442,1472.5,86,149,175,77,43,149,381,468,62,43,19,324,206,303,165,21,41,15,28,6,13,190,73,267,187,73,208,3,0,59,52,478,51,417,1,61
2016,9,558,5.72,85,3,470,62,408,1652.46,62,103,183,81,41,129,341,419,51,40,11,305,165,283,136,22,29,20,20,2,9,174,61,235,172,60,187,2,1,48,74,396,73,346,1,50
2017,9,598,6.08,87,4,507,79,428,1935.0,76,71,190,119,51,149,358,449,58,45,13,331,176,303,146,28,30,24,21,4,9,181,60,266,178,57,214,3,3,52,76,431,71,378,5,53
2018,9,615,6.2,83,2,530,72,458,2000.0,80,73,208,120,49,85,445,466,64,49,15,361,169,326,140,35,29,30,19,5,10,170,65,295,170,65,231,0,0,64,127,403,124,342,3,61
2019,9,575,5.75,77,12,486,95,391,2132.0,97,71,159,99,60,87,399,439,47,34,13,284,202,263,176,21,26,19,15,2,11,122,77,287,119,76,244,3,1,43,105,381,101,338,4,43
2010,10,287,4.16,20,5,262,67,195,1774.0,64,50,88,45,15,114,148,239,23,14,9,181,81,172,67,9,14,5,9,4,5,105,18,139,104,17,118,1,1,21,42,220,41,198,1,22
2011,10,298,4.32,15,2,281,45,236,1950.0,46,49,95,58,33,131,150,250,31,28,3,186,95,169,81,17,14,16,12,1,2,106,29,146,105,27,118,1,2,28,48,233,47,203,1,30
2012,10,350,5.06,22,0,328,89,239,1650.0,87,58,109,52,22,129,199,295,33,29,4,201,127,192,103,9,24,9,20,0,4,123,39,166,123,39,133,0,0,33,72,256,72,223,0,33
2013,10,278,4.02,18,4,256,62,194,1800.0,61,39,96,40,20,103,153,228,28,21,7,169,87,160,68,9,19,8,13,1,6,85,23,148,82,22,124,3,1,24,21,235,21,207,0,28
2014,10,284,4.1,32,3,249,55,194,1875.0,52,31,96,50,20,99,150,220,29,25,4,154,95,147,73,7,22,7,18,0,4,91,23,135,91,22,107,0,1,28,18,231,15,205,3,26
2015,10,312,4.5,57,1,254,49,205,1800.0,47,35,111,50,11,79,175,216,38,35,3,159,95,144,72,15,23,13,22,2,1,92,25,137,88,25,103,4,0,34,29,225,28,188,1,37
2016,10,306,4.4,48,3,255,32,223,1800.0,31,45,112,43,24,71,184,220,35,33,2,160,95,146,74,14,21,13,20,1,1,75,32,148,73,30,117,2,2,31,44,211,43,177,1,34
2017,10,267,3.84,29,4,234,33,201,2250.0,31,23,87,72,21,65,169,199,35,33,2,172,62,150,49,22,13,20,13,2,0,88,23,123,87,22,90,1,1,33,45,189,44,155,1,34
2018,10,341,4.9,39,1,301,46,255,2400.0,57,39,91,90,24,57,244,268,33,29,4,211,90,195,73,16,17,16,13,0,4,106,35,160,105,35,128,1,0,32,72,229,71,197,1,32
2019,10,260,3.73,33,5,222,41,181,2500.0,41,31,59,67,24,51,171,205,17,13,4,153,69,144,61,9,8,7,6,2,2,60,25,137,59,25,121,1,0,16,58,164,57,148,1,16
2010,11,274,2.57,7,5,262,46,216,2376.81,46,26,88,76,26,80,182,239,23,21,2,158,104,146,93,12,11,11,10,1,1,89,27,146,88,27,124,1,0,22,38,224,37,202,1,22
2011,11,305,2.82,7,4,294,49,245,2286.15,48,30,101,83,32,105,189,257,37,30,7,202,92,180,77,22,15,21,9,1,6,115,23,156,110,23,124,5,0,32,53,241,52,205,1,36
2012,11,277,2.54,8,1,268,49,219,2325.5,50,23,92,72,31,97,171,239,29,23,6,175,93,159,80,16,13,14,9,2,4,105,18,145,104,18,117,1,0,28,59,209,58,181,1,28
2013,11,238,2.15,13,2,223,49,174,1975.44,46,32,73,56,16,56,167,189,34,26,8,128,95,117,72,11,23,10,16,1,7,72,23,128,70,22,97,2,1,31,20,203,18,171,2,32
2014,11,247,2.21,28,1,218,35,183,2275.96,36,26,74,59,23,61,157,187,31,23,8,129,89,115,72,14,17,13,10,1,7,59,23,136,59,21,107,0,2,29,14,204,13,174,1,30
2015,11,183,1.62,28,1,154,17,137,2542.5,18,14,52,50,20,35,119,134,20,15,5,84,70,77,57,7,13,7,8,0,5,45,22,87,44,22,68,1,0,19,15,139,14,120,1,19
2016,11,191,1.67,33,0,158,21,137,2895.0,21,21,37,50,29,32,126,139,19,16,3,92,66,81,58,11,8,9,7,2,1,49,26,83,47,26,66,2,0,17,29,129,29,110,0,19
2017,11,175,1.52,19,1,155,30,125,2753.0,28,14,44,47,22,31,124,128,27,23,4,85,70,78,50,7,20,6,17,1,3,43,29,83,41,28,59,2,1,24,20,135,19,109,1,26
2018,11,129,1.11,16,0,113,23,90,3026.94,26,6,26,37,18,12,101,95,18,16,2,71,42,60,35,11,7,11,5,0,2,30,20,63,30,20,45,0,0,18,18,95,18,77,0,18
2019,11,140,1.19,15,4,121,15,106,3391.87,14,8,33,34,32,23,98,98,23,22,1,70,51,52,46,18,5,18,4,0,1,24,19,78,23,19,56,1,0,22,22,99,20,78,2,21
2010,12,265,3.16,20,0,245,71,174,1702.5,71,40,89,34,11,126,119,226,19,11,8,145,100,135,91,10,9,7,4,3,5,79,24,142,79,24,123,0,0,19,28,217,28,198,0,19
2011,12,324,3.84,13,3,308,91,217,1800.0,90,43,102,54,19,152,156,280,28,23,5,204,104,188,92,16,12,16,7,0,5,118,30,160,117,30,133,1,0,27,43,265,40,240,3,25
2012,12,280,3.3,25,2,253,71,182,1600.0,71,32,104,28,18,115,138,233,20,17,3,169,84,161,72,8,12,6,11,2,1,101,14,138,101,14,118,0,0,20,41,212,41,192,0,20
2013,12,289,3.38,25,1,263,70,193,1585.0,68,25,117,41,12,113,150,223,40,33,7,166,97,150,73,16,24,15,18,1,6,92,16,155,91,15,117,1,1,38,19,244,18,205,1,39
2014,12,313,3.64,42,2,269,68,201,2050.0,67,36,86,59,21,110,159,239,30,26,4,185,84,169,70,16,14,15,11,1,3,112,18,139,111,17,111,1,1,28,17,252,16,223,1,29
2015,12,272,3.14,53,3,216,58,158,1600.0,59,29,81,31,16,96,120,192,24,20,4,139,77,128,64,11,13,11,9,0,4,77,23,116,77,23,92,0,0,24,24,192,23,169,1,23
2016,12,294,3.37,70,1,223,41,182,1800.0,39,41,77,52,14,88,135,195,28,27,1,152,71,135,60,17,11,17,10,0,1,77,22,124,75,21,99,2,1,25,23,200,23,172,0,28
2017,12,240,2.74,35,0,205,61,144,1800.0,58,32,70,35,10,76,129,182,23,20,3,115,90,101,81,14,9,14,6,0,3,53,40,112,53,40,89,0,0,23,17,188,16,166,1,22
2018,12,199,2.25,41,0,158,41,117,1690.0,42,20,64,21,11,57,101,135,23,21,2,93,65,82,53,11,12,9,12,2,0,47,28,83,46,28,61,1,0,22,20,138,19,116,1,22
2019,12,165,1.86,21,3,141,38,103,2225.0,37,17,40,27,20,46,95,128,13,11,2,89,52,82,46,7,6,6,5,1,1,31,21,89,31,21,76,0,0,13,25,116,25,103,0,13
2010,13,147,3.85,15,1,131,35,96,1847.25,33,18,48,18,14,60,71,113,18,14,4,75,56,66,47,9,9,9,5,0,4,39,8,84,38,8,67,1,0,17,12,119,12,101,0,18
2011,13,153,3.86,17,0,136,31,105,1900.0,31,20,42,28,15,57,79,117,19,18,1,78,58,70,47,8,11,8,10,0,1,47,12,77,46,11,60,1,1,17,16,120,15,102,1,18
2012,13,173,4.2,33,3,137,44,93,2440.0,45,7,40,28,17,33,104,109,28,24,4,81,56,65,44,16,12,15,9,1,3,43,8,86,40,8,61,3,0,25,17,120,16,93,1,27
2013,13,148,3.47,24,0,124,42,82,2630.0,41,10,29,29,15,32,92,105,19,17,2,70,54,59,46,11,8,11,6,0,2,37,14,73,36,14,55,1,0,18,9,115,9,96,0,19
2014,13,138,3.13,37,1,100,32,68,2139.5,32,13,25,19,11,24,76,89,11,10,1,54,46,49,40,5,6,5,5,0,1,33,16,51,32,16,41,1,0,10,4,96,4,85,0,11
2015,13,138,3.03,46,0,92,14,78,2316.0,14,4,37,25,12,28,64,77,15,14,1,58,34,51,26,7,8,7,7,0,1,30,15,47,30,15,32,0,0,15,5,87,5,72,0,15
2016,13,111,2.36,36,0,75,23,52,2370.0,23,3,24,15,10,17,58,60,15,15,0,42,33,35,25,7,8,7,8,0,0,17,16,42,17,16,27,0,0,15,13,62,13,47,0,15
2017,13,131,2.7,27,0,104,25,79,2865.13,26,6,29,25,18,18,86,93,11,11,0,57,47,53,40,4,7,4,7,0,0,35,15,54,33,14,46,2,1,8,6,98,5,88,1,10
2018,13,86,1.72,19,0,67,13,54,2850.0,12,7,19,16,13,15,52,57,10,9,1,38,29,29,28,9,1,8,1,1,0,15,14,38,14,14,29,1,0,9,8,59,8,49,0,10
2019,13,86,1.67,13,1,72,8,64,2500.0,8,7,24,16,17,20,52,63,9,9,0,42,30,37,26,5,4,5,4,0,0,13,14,45,13,14,36,0,0,9,16,56,16,47,0,9
2010,14,170,3.13,16,1,153,38,115,1800.0,35,28,53,29,8,63,90,133,20,13,7,96,57,87,46,9,11,7,6,2,5,57,16,80,56,16,61,1,0,19,11,142,11,122,0,20
2011,14,201,3.6,12,1,188,57,131,1810.0,56,28,59,32,13,81,107,163,25,20,5,114,74,101,62,13,12,10,10,3,2,68,14,106,67,14,82,1,0,24,23,165,23,140,0,25
2012,14,224,3.9,36,1,187,51,136,1500.0,50,28,66,34,9,60,127,164,23,18,5,126,61,117,47,9,14,7,11,2,3,73,11,103,71,11,82,2,0,21,28,159,27,137,1,22
2013,14,195,3.3,19,0,176,59,117,1670.0,60,21,67,22,6,53,123,143,33,24,9,108,68,92,51,16,17,15,9,1,8,59,15,102,59,13,71,0,2,31,9,167,9,134,0,33
2014,14,193,3.18,23,2,168,46,122,1933.5,48,29,48,34,9,77,91,140,28,24,4,100,68,89,51,11,17,11,13,0,4,59,15,94,57,15,68,2,0,26,8,160,8,132,0,28
2015,14,211,3.39,57,0,154,35,119,1800.0,35,22,59,22,16,46,108,127,27,24,3,95,59,83,44,12,15,12,12,0,3,63,10,81,59,10,58,4,0,23,17,137,17,110,0,27
2016,14,151,2.37,43,0,108,24,84,1950.0,24,16,37,24,7,32,76,95,13,13,0,65,43,57,38,8,5,8,5,0,0,39,14,55,37,14,44,2,0,11,11,97,11,84,0,13
2017,14,158,2.42,25,0,133,34,99,2000.0,30,19,50,23,11,31,102,113,20,19,1,87,46,76,37,11,9,11,8,0,1,44,7,82,40,7,66,4,0,16,21,112,20,93,1,19
2018,14,126,1.88,27,2,97,15,82,1896.53,17,18,34,18,10,21,76,77,20,20,0,51,46,46,31,5,15,5,15,0,0,26,10,61,25,10,42,1,0,19,13,84,13,64,0,20
2019,14,116,1.69,21,1,94,22,72,2000.0,23,12,31,18,10,32,62,81,13,12,1,46,48,41,40,5,8,4,8,1,0,17,14,63,16,14,51,1,0,12,21,73,21,60,0,13
2010,15,327,3.9,28,6,293,99,194,1612.5,97,40,99,41,16,168,125,259,34,30,4,193,100,175,84,18,16,18,12,0,4,123,31,139,120,30,109,3,1,30,40,253,39,220,1,33
2011,15,287,3.41,15,0,272,83,189,1800.0,81,35,98,48,10,150,122,243,29,21,8,175,97,162,81,13,16,10,11,3,5,104,23,145,102,22,119,2,1,26,35,237,34,209,1,28
2012,15,346,4.1,34,4,308,89,219,1850.0,89,45,91,59,24,170,138,279,29,24,5,218,90,201,78,17,12,16,8,1,4,118,18,172,117,18,144,1,0,28,61,247,59,220,2,27
2013,15,319,3.77,44,2,273,77,196,1900.0,78,39,83,62,11,153,120,241,32,29,3,191,82,174,67,17,15,15,14,2,1,102,18,153,101,18,122,1,0,31,24,249,24,217,0,32
2014,15,352,4.15,64,3,285,82,203,1800.0,80,43,97,45,20,127,158,256,29,22,7,188,97,175,81,13,16,10,12,3,4,108,22,155,106,22,128,2,0,27,21,264,21,235,0,29
2015,15,363,4.27,79,0,284,65,219,1650.0,67,45,108,47,17,127,157,255,29,28,1,187,97,175,80,12,17,11,17,1,0,120,27,137,115,27,113,5,0,24,40,244,39,216,1,28
2016,15,297,3.49,71,3,223,60,163,1800.0,61,37,74,36,15,96,127,197,26,24,2,144,79,132,65,12,14,12,12,0,2,77,28,118,76,28,93,1,0,25,31,192,29,168,2,24
2017,15,306,3.58,67,4,235,57,178,2100.0,50,33,79,48,25,88,147,208,27,26,1,144,91,138,70,6,21,6,20,0,1,70,28,137,70,27,111,0,1,26,21,214,21,187,0,27
2018,15,252,2.94,43,3,206,43,163,2100.0,47,18,75,48,18,76,130,177,29,28,1,135,71,119,58,16,13,15,13,1,0,57,17,132,57,17,103,0,0,29,42,164,39,138,3,26
2019,15,252,2.94,38,5,209,56,153,1863.74,54,24,72,36,23,84,125,189,20,18,2,130,79,118,71,12,8,11,7,1,1,46,22,141,45,22,122,1,0,19,51,158,50,139,1,19
2010,16,631,6.08,51,5,575,152,423,1875.0,150,75,206,101,43,249,326,526,49,44,5,379,196,356,170,23,26,22,22,1,4,227,37,311,222,37,267,5,0,44,78,497,78,448,0,49
2011,16,644,6.23,29,4,611,165,446,1800.0,159,86,206,109,51,267,344,555,56,42,14,404,207,373,182,31,25,27,15,4,10,225,40,346,221,40,294,4,0,52,81,530,77,478,4,52
2012,16,742,7.2,59,6,677,184,493,2000.0,184,88,208,138,59,274,403,613,64,49,15,451,226,423,190,28,36,25,24,3,12,282,31,364,282,31,300,0,0,64,131,546,129,484,2,62
2013,16,716,6.98,73,8,635,145,490,1800.0,143,93,223,127,49,257,378,554,81,69,12,434,201,397,157,37,44,33,36,4,8,245,28,362,241,28,285,4,0,77,59,576,58,496,1,80
2014,16,804,7.86,115,4,685,148,537,1800.0,145,104,266,120,50,252,433,632,53,43,10,449,236,425,207,24,29,21,22,3,7,260,56,369,259,56,317,1,0,52,62,623,59,573,3,50
2015,16,731,7.17,142,9,580,82,498,1782.5,80,113,231,111,45,213,367,512,68,58,10,386,194,358,154,28,40,25,33,3,7,200,43,337,196,42,274,4,1,63,77,503,73,439,4,64
2016,16,684,6.73,133,4,547,93,454,1835.0,90,82,226,104,45,170,377,490,57,55,2,367,180,343,147,24,33,24,31,0,2,186,53,308,184,51,255,2,2,53,87,460,87,403,0,57
2017,16,592,5.85,76,6,510,82,428,1973.7,78,86,173,130,43,132,378,457,53,48,5,332,178,298,159,34,19,31,17,3,2,142,71,297,139,70,248,3,1,49,66,444,65,392,1,52
2018,16,557,5.52,105,3,449,75,374,1952.13,97,60,153,94,45,112,337,406,43,40,3,279,170,252,154,27,16,26,14,1,2,112,57,280,111,57,238,1,0,42,75,374,71,335,4,39
2019,16,523,5.2,79,12,432,120,312,2020.25,122,46,141,78,45,125,307,384,48,44,4,272,160,248,136,24,24,23,21,1,3,86,42,304,83,42,259,3,0,45,117,315,114,270,3,45
2010,17,818,7.35,45,4,769,170,599,1650.0,168,152,292,114,43,278,491,697,72,56,16,493,276,461,236,32,40,25,31,7,9,310,72,387,305,69,323,5,3,64,103,666,99,598,4,68
2011,17,764,6.88,24,3,737,156,581,1828.0,154,115,279,141,48,260,477,663,74,59,15,481,256,440,223,41,33,34,25,7,8,284,49,404,278,49,336,6,0,68,96,641,96,567,0,74
2012,17,827,7.47,43,9,775,167,608,1650.0,165,89,357,125,39,228,547,715,60,50,10,489,286,470,245,19,41,16,34,3,7,288,40,447,284,39,392,4,1,55,161,614,160,555,1,59
2013,17,816,7.39,56,4,756,114,642,1700.0,119,114,351,97,75,207,549,687,69,59,10,516,240,481,206,35,34,33,26,2,8,273,41,442,270,41,376,3,0,66,50,706,48,639,2,67
2014,17,862,7.82,95,13,754,122,632,1600.0,121,111,340,127,55,183,571,702,52,47,5,501,253,484,218,17,35,15,32,2,3,281,53,420,280,52,370,1,1,50,52,702,52,650,0,52
2015,17,906,8.25,149,4,753,98,655,1630.0,97,146,311,139,60,206,547,676,77,68,9,490,263,465,211,25,52,23,45,2,7,256,61,436,250,60,366,6,1,70,98,655,96,580,2,75
2016,17,783,7.14,140,4,639,89,550,1650.0,84,103,291,106,55,160,479,575,64,54,10,398,241,369,206,29,35,25,29,4,6,178,73,388,178,73,324,0,0,64,101,538,100,475,1,63
2017,17,642,5.87,94,1,547,61,486,1846.71,59,65,260,112,51,120,427,493,54,45,9,353,194,323,170,30,24,28,17,2,7,166,65,316,161,64,268,5,1,48,84,463,81,412,3,51
2018,17,685,6.28,100,5,580,70,510,1957.56,108,67,242,124,39,117,463,513,67,59,8,365,215,329,184,36,31,32,27,4,4,136,71,373,132,69,312,4,2,61,120,460,115,398,5,62
2019,17,704,6.48,96,15,593,152,441,2175.0,156,62,191,122,62,107,486,545,48,42,6,362,231,336,209,26,22,25,17,1,5,107,67,419,106,67,372,1,0,47,150,443,148,397,2,46
2010,18,180,5.38,16,3,161,43,118,2383.0,42,15,46,32,26,48,113,138,23,16,7,79,82,67,71,12,11,11,5,1,6,42,20,99,40,19,79,2,1,20,14,147,11,127,3,20
2011,18,163,4.69,16,1,146,40,106,2445.0,38,10,45,33,20,45,101,129,17,12,5,86,60,78,51,8,9,7,5,1,4,37,9,100,36,9,84,1,0,16,20,126,19,110,1,16
2012,18,202,5.59,19,1,182,46,136,2430.0,47,23,46,40,26,56,126,163,19,16,3,119,63,107,56,12,7,11,5,1,2,63,8,111,62,8,93,1,0,18,43,139,43,120,0,19
2013,18,212,5.66,38,2,172,43,129,2410.07,42,16,51,42,21,57,115,156,16,14,2,93,79,86,70,7,9,5,9,2,0,44,16,112,42,16,98,2,0,14,10,162,9,147,1,15
2014,18,278,7.17,50,2,226,46,180,3195.05,47,16,47,57,59,39,187,193,33,28,5,135,91,119,74,16,17,16,12,0,5,53,19,154,52,19,122,1,0,32,22,204,19,174,3,30
2015,18,240,5.99,73,2,165,27,138,2545.0,27,15,49,53,21,51,114,129,36,31,5,97,68,82,47,15,21,14,17,1,4,46,17,102,44,16,69,2,1,33,14,151,13,116,1,35
2016,18,235,5.67,78,2,155,19,136,2459.0,19,16,53,33,34,32,123,126,29,28,1,84,71,69,57,15,14,15,13,0,1,34,21,100,32,21,73,2,0,27,18,137,17,109,1,28
2017,18,211,4.94,37,0,174,27,147,2475.0,26,16,58,46,28,22,152,146,28,25,3,95,79,81,65,14,14,14,11,0,3,37,27,110,36,25,85,1,2,25,18,156,18,128,0,28
2018,18,184,4.18,39,2,143,22,121,2550.0,26,9,48,39,21,22,121,117,26,22,4,75,68,59,58,16,10,14,8,2,2,24,29,90,23,29,65,1,0,25,20,123,19,98,1,25
2019,18,154,3.39,21,3,130,32,98,2500.0,33,9,39,26,23,36,94,114,16,14,2,83,47,74,40,9,7,9,5,0,2,40,14,76,39,14,61,1,0,15,30,100,30,84,0,16
2010,19,180,5.11,5,4,171,20,151,1963.25,20,18,74,38,21,30,141,159,12,11,1,84,87,76,83,8,4,7,4,1,0,50,17,104,49,17,93,1,0,11,25,146,25,134,0,12
2011,19,198,5.56,8,4,186,24,162,1753.75,23,24,93,30,16,24,162,166,20,17,3,107,79,93,73,14,6,12,5,2,1,57,20,109,56,19,91,1,1,18,21,165,21,145,0,20
2012,19,147,4.08,5,2,140,30,110,1712.53,30,31,43,25,11,26,114,115,25,23,2,70,70,62,53,8,17,8,15,0,2,44,14,82,43,14,58,1,0,24,18,122,15,100,3,22
2013,19,170,4.67,22,4,144,36,108,2340.0,35,23,38,32,16,25,119,121,23,21,2,86,58,75,46,11,12,11,10,0,2,56,16,72,54,16,51,2,0,21,11,133,10,111,1,22
2014,19,173,4.71,19,3,151,39,112,2608.14,37,7,48,37,22,17,134,142,9,8,1,88,63,83,59,5,4,5,3,0,1,45,12,94,44,12,86,1,0,8,16,135,15,127,1,8
2015,19,175,4.71,30,2,143,17,126,2367.83,16,15,58,34,20,9,134,122,21,21,0,90,53,78,44,12,9,12,9,0,0,48,14,81,47,14,61,1,0,20,22,121,22,100,0,21
2016,19,143,3.81,27,1,115,14,101,2300.0,14,8,49,25,19,10,105,98,17,16,1,54,61,47,51,7,10,7,9,0,1,25,25,65,25,25,48,0,0,17,14,101,13,85,1,16
2017,19,128,3.38,17,0,111,20,91,2655.0,20,3,35,44,9,10,101,86,25,23,2,64,47,50,36,14,11,14,9,0,2,35,20,56,31,20,35,4,0,21,17,94,16,70,1,24
2018,19,200,5.22,21,0,179,12,167,2242.08,16,10,82,55,16,8,171,165,14,13,1,73,106,68,97,5,9,5,8,0,1,32,54,93,31,54,80,1,0,13,24,155,23,142,1,13
2019,19,157,4.06,17,3,137,13,124,2655.0,13,4,55,40,25,7,130,125,12,11,1,68,69,62,63,6,6,6,5,0,1,23,20,94,23,20,82,0,0,12,34,103,33,92,1,11
2010,20,913,6.15,60,10,843,196,647,1719.5,195,166,267,162,53,241,602,772,71,40,31,535,308,513,259,22,49,16,24,6,25,346,80,417,345,80,347,1,0,70,117,726,116,656,1,70
2011,20,1067,7.14,35,9,1023,232,791,1770.0,226,184,350,182,81,259,764,918,105,75,30,686,337,632,286,54,51,45,30,9,21,421,77,525,417,75,426,4,2,99,155,868,151,767,4,101
2012,20,1025,6.81,53,11,961,193,768,1800.0,196,191,306,191,77,232,729,900,61,48,13,673,288,653,247,20,41,17,31,3,10,439,49,473,436,48,416,3,1,57,198,763,196,704,2,59
2013,20,1057,6.97,68,5,984,210,774,1854.0,210,184,305,206,79,228,756,891,93,63,30,642,342,601,290,41,52,34,29,7,23,349,62,573,342,59,490,7,3,83,75,909,74,817,1,92
2014,20,1117,7.32,126,10,981,180,801,1950.0,180,155,346,212,88,186,795,881,100,72,28,629,352,591,290,38,62,32,40,6,22,355,79,547,353,77,451,2,2,96,83,898,81,800,2,98
2015,20,1176,7.65,183,19,974,118,856,1715.0,115,189,420,166,84,197,777,871,103,87,16,632,342,581,290,51,52,47,40,4,12,322,90,562,315,88,468,7,2,94,144,830,139,732,5,98
2016,20,872,5.63,106,9,757,108,649,1800.0,108,113,334,143,59,131,626,669,88,75,13,467,290,428,241,39,49,36,39,3,10,227,100,430,225,99,345,2,1,85,116,641,112,557,4,84
2017,20,923,5.92,96,6,821,113,708,1950.0,112,106,359,172,72,137,684,734,87,74,13,502,319,458,276,44,43,40,34,4,9,231,125,465,230,124,380,1,1,85,114,707,111,623,3,84
2018,20,790,5.03,93,6,691,96,595,2000.0,137,77,254,170,53,113,578,623,68,56,12,424,267,389,234,35,33,33,23,2,10,164,110,417,160,106,357,4,4,60,134,557,128,495,6,62
2019,20,866,5.48,101,22,743,193,550,2243.86,194,66,246,164,73,103,640,676,67,55,12,469,274,440,236,29,38,28,27,1,11,161,90,492,160,90,426,1,0,66,197,546,192,484,5,62
2010,21,637,7.16,29,8,600,109,491,1685.0,107,45,331,88,29,173,427,547,53,36,17,388,212,363,184,25,28,21,15,4,13,269,70,261,262,70,215,7,0,46,76,524,75,472,1,52
2011,21,655,7.32,21,2,632,107,525,1950.0,100,52,336,95,49,170,462,572,60,50,10,417,215,384,188,33,27,30,20,3,7,273,49,310,270,49,253,3,0,57,99,533,98,474,1,59
2012,21,675,7.5,20,4,651,108,543,1658.0,106,50,366,89,40,167,484,584,67,52,15,410,241,380,204,30,37,26,26,4,11,255,57,339,254,56,274,1,1,65,129,522,125,459,4,63
2013,21,676,7.46,42,3,631,93,538,1715.63,87,52,337,106,49,148,483,574,57,51,6,412,219,385,189,27,30,25,26,2,4,257,60,314,256,59,259,1,1,55,53,578,53,521,0,57
2014,21,707,7.76,70,8,629,108,521,1670.0,103,77,296,110,43,131,498,574,55,46,9,401,228,378,196,23,32,20,26,3,6,231,52,346,228,50,296,3,2,50,56,573,49,525,7,48
2015,21,698,7.62,120,2,576,61,515,1670.0,59,74,312,100,31,110,466,523,53,45,8,362,214,335,188,27,26,25,20,2,6,191,71,314,190,71,262,1,0,52,65,511,64,459,1,52
2016,21,608,6.6,107,0,501,64,437,1761.0,58,57,284,72,30,80,421,452,49,42,7,312,189,295,157,17,32,15,27,2,5,178,72,251,176,70,206,2,2,45,80,421,77,375,3,46
2017,21,528,5.7,88,4,436,51,385,1843.2,46,29,230,93,38,90,346,378,58,55,3,269,167,245,133,24,34,23,32,1,2,123,53,260,120,52,206,3,1,54,50,386,46,332,4,54
2018,21,536,5.75,82,5,449,59,390,2095.0,71,51,176,119,32,75,374,395,54,48,6,299,150,268,127,31,23,30,18,1,5,118,53,278,116,53,226,2,0,52,100,349,95,300,5,49
2019,21,561,5.98,87,14,460,116,344,2321.0,116,38,147,112,47,77,383,408,52,49,3,271,189,239,169,32,20,30,19,2,1,93,49,318,88,48,272,5,1,46,116,344,110,298,6,46
2010,22,188,2.55,9,2,177,62,115,1496.0,63,21,55,30,8,90,87,159,18,16,2,99,78,92,67,7,11,7,9,0,2,62,22,93,62,22,75,0,0,18,20,157,20,139,0,18
2011,22,197,2.65,16,0,181,58,123,1600.0,58,31,50,27,15,96,85,166,15,9,6,116,65,112,54,4,11,4,5,0,6,72,18,91,72,16,78,0,2,13,23,158,23,143,0,15
2012,22,256,3.43,34,2,220,75,145,1740.0,74,25,77,32,12,102,118,195,25,22,3,137,83,122,73,15,10,15,7,0,3,78,5,137,75,4,116,3,1,21,26,194,24,171,2,23
2013,22,228,3.03,46,0,182,57,125,1745.0,56,26,63,27,10,92,90,158,24,20,4,123,59,109,49,14,10,13,7,1,3,68,2,112,68,2,88,0,0,24,15,167,15,143,0,24
2014,22,234,3.09,29,2,203,45,158,1650.0,44,36,72,35,16,85,118,174,29,20,9,121,82,106,68,15,14,12,8,3,6,75,14,114,73,14,87,2,0,27,18,185,18,156,0,29
2015,22,232,3.05,57,2,173,24,149,1600.0,25,27,78,33,10,69,104,150,23,21,2,120,53,113,37,7,16,7,14,0,2,70,11,92,69,11,70,1,0,22,19,154,18,132,1,22
2016,22,227,2.96,67,0,160,42,118,1950.0,39,20,63,25,13,59,101,141,19,19,0,106,54,98,43,8,11,8,11,0,0,50,21,89,50,20,71,0,1,18,18,142,18,123,0,19
2017,22,213,2.76,48,2,163,42,121,1800.0,40,19,64,25,15,69,94,148,15,12,3,108,55,102,46,6,9,4,8,2,1,51,15,97,50,15,83,1,0,14,18,145,17,131,1,14
2018,22,155,2.0,27,1,127,27,100,1825.0,29,20,48,17,13,45,82,113,14,11,3,82,45,75,38,7,7,5,6,2,1,39,18,70,38,18,57,1,0,13,29,98,28,85,1,13
2019,22,152,1.94,27,3,122,44,78,2000.0,46,15,35,17,9,50,72,108,14,10,4,73,49,67,41,6,8,4,6,2,2,33,17,72,33,17,58,0,0,14,25,97,25,83,0,14
2010,23,176,3.98,11,1,164,33,131,1600.0,34,27,61,26,16,55,109,153,11,9,2,100,64,95,58,5,6,4,5,1,1,60,17,87,60,17,76,0,0,11,22,142,22,131,0,11
2011,23,182,4.02,10,2,170,35,135,1630.0,34,30,67,28,11,53,117,154,16,11,5,107,63,101,53,6,10,6,5,0,5,57,14,99,57,14,83,0,0,16,23,147,23,131,0,16
2012,23,194,4.19,23,3,168,53,115,1977.5,54,16,58,32,8,38,130,143,25,24,1,102,66,91,52,11,14,11,13,0,1,64,19,85,63,18,62,1,1,23,32,136,32,111,0,25
2013,23,202,4.26,24,0,178,48,130,1900.0,47,21,60,36,14,44,134,165,13,10,3,106,72,102,63,4,9,3,7,1,2,75,18,85,73,18,74,2,0,11,15,163,14,151,1,12
2014,23,180,3.72,30,1,149,29,120,1743.94,28,30,49,27,15,33,116,128,21,17,4,86,63,78,50,8,13,8,9,0,4,50,13,86,49,13,66,1,0,20,12,137,12,116,0,21
2015,23,190,3.84,64,1,125,29,96,2039.25,29,23,39,27,7,32,93,107,18,16,2,77,48,71,36,6,12,4,12,2,0,49,8,68,49,7,51,0,1,17,8,117,8,99,0,18
2016,23,159,3.14,36,0,123,18,105,1900.0,18,21,49,27,8,27,96,103,20,19,1,72,51,60,43,12,8,11,8,1,0,38,19,66,34,18,51,4,1,15,15,108,13,90,2,18
2017,23,149,2.89,27,1,121,22,99,1974.0,21,15,49,24,12,24,97,106,15,14,1,69,52,64,42,5,10,5,9,0,1,39,16,66,37,16,53,2,0,13,14,107,14,92,0,15
2018,23,144,2.73,25,2,117,26,91,1800.0,23,16,39,29,10,22,95,100,17,15,2,66,51,61,39,5,12,5,10,0,2,36,21,60,36,20,44,0,1,16,18,99,18,82,0,17
2019,23,137,2.55,19,4,114,23,91,1800.0,23,23,38,21,9,15,99,100,14,13,1,65,49,56,44,9,5,9,4,0,1,32,17,65,32,17,51,0,0,14,27,87,26,74,1,13
2010,24,631,5.6,39,4,588,145,443,1790.0,145,87,208,106,42,256,332,520,68,40,28,362,226,335,185,27,41,19,21,8,20,232,57,299,230,56,234,2,1,65,65,523,64,456,1,67
2011,24,696,6.17,21,11,664,154,510,2000.0,153,111,206,130,64,264,400,578,86,47,39,409,255,380,198,29,57,19,28,10,29,236,36,392,234,35,309,2,1,83,103,561,99,479,4,82
2012,24,737,6.53,43,5,689,135,554,1850.0,137,106,255,130,61,229,460,618,71,52,19,462,227,431,187,31,40,27,25,4,15,290,40,359,289,38,291,1,2,68,145,544,139,479,6,65
2013,24,782,6.92,68,9,705,161,544,2038.75,157,89,248,135,76,256,449,625,80,59,21,484,221,450,175,34,46,29,30,5,16,276,43,386,272,42,311,4,1,75,43,662,43,582,0,80
2014,24,789,6.97,80,6,703,129,574,2200.0,128,73,261,155,86,234,469,630,73,53,20,453,250,432,198,21,52,16,37,5,15,260,53,390,256,53,321,4,0,69,69,634,68,562,1,72
2015,24,737,6.5,145,5,587,99,488,2000.0,97,80,227,120,63,173,414,511,76,59,17,370,217,346,165,24,52,20,39,4,13,194,45,348,193,44,274,1,1,74,73,514,71,440,2,74
2016,24,658,5.8,108,4,546,107,439,2200.0,102,54,207,125,58,151,395,480,66,59,7,333,213,304,176,29,37,27,32,2,5,155,80,311,153,78,249,2,2,62,52,494,50,430,2,64
2017,24,656,5.77,98,4,554,103,451,2020.0,99,60,222,125,48,125,429,481,73,61,12,341,213,308,173,33,40,30,31,3,9,155,69,330,151,69,261,4,0,69,75,479,72,409,3,70
2018,24,614,5.39,63,3,548,74,474,2067.91,96,59,208,127,58,123,425,493,55,48,7,360,188,332,161,28,27,25,23,3,4,154,63,331,152,63,278,2,0,53,119,429,116,377,3,52
2019,24,622,5.46,81,18,523,116,407,2232.56,115,36,195,118,59,100,423,463,60,51,9,316,207,278,185,38,22,33,18,5,4,96,48,379,94,48,321,2,0,58,126,397,117,346,9,51
2010,25,357,2.78,13,1,343,72,271,1993.0,70,79,84,67,43,77,266,304,39,27,12,176,167,161,143,15,24,13,14,2,10,100,51,192,99,51,154,1,0,38,49,294,47,257,2,37
2011,25,413,3.16,10,6,397,90,307,2500.0,84,55,100,84,74,93,304,353,44,29,15,229,168,208,145,21,23,21,8,0,15,133,39,225,130,38,185,3,1,40,60,337,59,294,1,43
2012,25,349,2.63,9,4,336,69,267,2550.0,67,39,94,80,56,76,260,296,40,29,11,178,158,161,135,17,23,14,15,3,8,101,37,198,97,36,163,4,1,35,65,271,63,233,2,38
2013,25,325,2.41,37,3,285,69,216,2000.0,70,59,67,64,25,51,234,252,33,27,6,161,124,144,108,17,16,13,14,4,2,101,39,145,100,39,113,1,0,32,24,261,23,229,1,32
2014,25,295,2.16,31,2,262,58,204,1900.0,57,48,86,49,22,56,206,240,22,17,5,148,114,141,99,7,15,6,11,1,4,90,31,141,89,31,120,1,0,21,23,239,22,218,1,21
2015,25,261,1.88,24,2,235,36,199,1911.36,38,43,77,52,25,50,185,210,25,14,11,112,123,103,107,9,16,8,6,1,10,66,51,118,64,51,95,2,0,23,19,216,18,192,1,24
2016,25,228,1.62,29,1,198,27,171,2250.0,27,26,67,55,23,28,170,170,28,23,5,110,88,96,74,14,14,13,10,1,4,72,38,88,66,36,68,6,2,20,33,165,29,141,4,24
2017,25,232,1.63,19,2,211,51,160,2559.4,49,28,51,53,30,43,168,177,34,25,9,120,91,105,72,15,19,14,11,1,8,57,29,125,55,28,94,2,1,31,26,185,24,153,2,32
2018,25,183,1.27,20,0,163,30,133,3374.8,33,4,35,59,32,18,145,143,20,16,4,84,79,73,70,11,9,9,7,2,2,43,32,88,43,32,68,0,0,20,21,142,20,123,1,19
2019,25,175,1.19,15,12,148,24,124,3500.0,25,5,30,49,39,18,130,130,18,16,2,89,59,79,51,10,8,10,6,0,2,32,22,94,32,22,76,0,0,18,41,107,39,91,2,16
2010,26,470,3.72,30,6,434,121,313,1745.0,118,73,142,78,23,133,301,387,47,36,11,265,169,243,144,22,25,22,14,0,11,180,33,221,174,32,181,6,1,40,44,390,42,345,2,45
2011,26,523,4.13,31,3,489,123,366,2000.0,121,64,169,89,46,135,354,427,62,48,14,306,183,275,152,31,31,29,19,2,12,177,41,271,172,41,214,5,0,57,62,427,62,365,0,62
2012,26,545,4.3,46,8,491,124,367,1820.0,126,68,182,85,30,151,340,435,56,45,11,310,181,283,152,27,29,23,22,4,7,178,41,272,175,40,220,3,1,52,95,396,93,342,2,54
2013,26,441,3.48,34,7,400,108,292,1975.0,111,53,138,66,32,118,282,348,52,32,20,252,148,235,113,17,35,14,18,3,17,152,19,229,149,18,181,3,1,48,28,372,25,323,3,49
2014,26,461,3.63,84,6,371,96,275,1950.0,96,59,115,72,29,94,277,332,39,31,8,233,138,219,113,14,25,14,17,0,8,130,30,211,129,30,173,1,0,38,23,348,23,309,0,39
2015,26,370,2.91,73,2,295,52,243,1702.93,51,53,113,54,24,72,223,268,27,21,6,185,110,174,94,11,16,8,13,3,3,106,30,159,105,30,133,1,0,26,24,271,24,244,0,27
2016,26,278,2.18,56,2,220,39,181,2190.0,39,28,82,46,25,54,166,191,29,26,3,133,87,119,72,14,15,12,14,2,1,77,34,109,76,34,81,1,0,28,31,189,31,160,0,29
2017,26,265,2.08,38,0,227,55,172,2015.0,54,25,87,49,12,47,180,197,30,25,5,149,78,130,67,19,11,18,7,1,4,94,34,99,93,34,70,1,0,29,29,198,27,170,2,28
2018,26,202,1.58,28,5,169,34,135,2087.5,37,23,59,34,16,30,139,141,28,22,6,104,65,93,48,11,17,10,12,1,5,48,18,103,46,18,77,2,0,26,39,130,37,104,2,26
2019,26,174,1.36,22,2,150,34,116,2329.0,35,15,49,34,17,30,120,133,17,14,3,86,64,76,57,10,7,9,5,1,2,33,24,93,32,24,77,1,0,16,35,115,30,103,5,12
2010,27,965,6.32,25,5,935,213,722,1950.0,209,211,228,170,117,135,800,807,128,56,72,479,456,443,364,36,92,24,32,12,60,281,123,531,279,119,409,2,4,122,110,825,107,700,3,125
2011,27,1039,6.71,25,3,1011,216,795,1656.5,213,249,282,182,85,109,902,869,142,68,74,547,464,509,360,38,104,32,36,6,68,334,115,562,331,113,425,3,2,137,131,880,125,744,6,136
2012,27,850,5.41,42,10,798,180,618,1670.5,182,173,238,143,62,115,683,675,123,65,58,450,348,409,266,41,82,33,32,8,50,258,91,449,252,84,339,6,7,110,122,676,117,558,5,118
2013,27,869,5.45,57,11,801,179,622,1565.0,172,227,204,126,72,107,694,709,92,55,37,489,312,439,270,50,42,36,19,14,23,291,99,411,286,98,325,5,1,86,48,753,43,666,5,87
2014,27,774,4.78,69,5,700,132,568,1713.0,125,181,179,137,78,103,597,608,92,52,40,406,294,378,230,28,64,22,30,6,34,247,78,375,245,78,285,2,0,90,41,659,40,568,1,91
2015,27,815,4.97,118,7,690,125,565,1511.25,126,202,193,117,52,87,603,607,83,58,25,406,284,370,237,36,47,32,26,4,21,250,118,322,243,118,246,7,0,76,68,622,65,542,3,80
2016,27,669,4.02,88,5,576,84,492,1800.0,84,152,167,121,52,49,527,508,68,49,19,324,252,296,212,28,40,24,25,4,15,193,119,264,191,118,199,2,1,65,74,502,72,436,2,66
2017,27,642,3.81,68,10,564,107,457,2400.0,106,64,183,149,62,74,490,503,61,46,15,310,254,289,214,21,40,18,28,3,12,180,102,282,177,100,226,3,2,56,72,492,72,431,0,61
2018,27,584,3.42,56,9,519,82,437,2099.94,89,92,161,114,63,35,484,462,57,38,19,282,237,254,208,28,29,23,15,5,14,144,108,267,141,107,214,3,1,53,85,434,84,378,1,56
2019,27,580,3.35,65,24,491,102,389,2126.0,101,76,155,87,72,38,453,438,53,41,12,272,219,247,191,25,28,24,17,1,11,133,102,256,129,100,209,4,2,47,114,377,111,327,3,50
2010,28,841,5.44,40,4,797,166,631,1800.0,163,141,289,154,50,293,504,710,87,59,28,493,304,463,247,30,57,29,30,1,27,299,82,416,293,81,336,6,1,80,92,705,88,622,4,83
2011,28,849,5.5,33,12,804,177,627,1950.0,173,135,250,165,81,267,537,705,99,66,33,479,325,442,263,37,62,34,32,3,30,264,68,472,257,66,382,7,2,90,118,686,114,591,4,95
2012,28,947,6.14,50,6,891,178,713,1800.0,174,148,315,164,90,253,638,809,82,53,29,567,324,539,270,28,54,25,28,3,26,354,99,438,350,98,361,4,1,77,159,732,157,652,2,80
2013,28,966,6.28,44,11,911,145,766,1607.15,142,210,331,169,59,223,688,800,111,77,34,553,358,510,290,43,68,37,40,6,28,325,100,486,320,99,381,5,1,105,82,829,77,723,5,106
2014,28,1007,6.55,107,10,890,127,763,1670.0,131,185,333,156,85,214,676,808,82,66,16,520,370,488,320,32,50,27,39,5,11,284,124,482,282,120,406,2,4,76,70,820,67,741,3,79
2015,28,846,5.51,122,4,720,86,634,1604.88,87,162,289,124,58,169,551,644,76,64,12,433,287,400,244,33,43,30,34,3,9,209,108,403,205,107,332,4,1,71,92,628,90,554,2,74
2016,28,802,5.23,130,8,664,88,576,1803.0,88,109,268,124,75,142,522,581,83,70,13,412,252,377,204,35,48,35,35,0,13,197,87,380,191,86,304,6,1,76,89,575,87,494,2,81
2017,28,698,4.56,111,9,578,81,497,1800.0,78,87,258,99,56,112,466,517,61,50,11,336,242,306,211,30,31,26,24,4,7,153,80,345,148,80,289,5,0,56,70,508,68,449,2,59
2018,28,687,4.49,94,7,586,83,503,2106.25,119,61,227,106,73,96,490,511,75,62,13,376,210,335,176,41,34,37,25,4,9,133,74,379,129,72,310,4,2,69,116,470,113,398,3,72
2019,28,723,4.73,100,24,599,133,466,2164.51,136,61,214,132,56,110,489,544,55,49,6,370,229,338,206,32,23,30,19,2,4,135,87,377,129,87,328,6,0,49,139,460,133,411,6,49
2010,29,714,6.04,36,11,667,120,547,2000.0,119,102,246,146,54,218,449,601,66,49,17,412,255,381,220,31,35,31,18,0,17,250,61,356,244,60,297,6,1,59,112,555,106,495,6,60
2011,29,836,7.14,32,7,797,112,685,1787.5,108,138,330,165,56,247,550,736,61,43,18,494,303,467,269,27,34,24,19,3,15,315,73,409,313,72,351,2,1,58,133,664,128,608,5,56
2012,29,888,7.66,44,7,837,106,731,1675.0,106,149,360,157,65,230,607,767,70,56,14,529,308,492,275,37,33,33,23,4,10,313,65,459,309,64,394,4,1,65,180,657,180,587,0,70
2013,29,888,7.73,56,9,823,106,717,1764.45,99,126,366,168,64,193,630,727,96,77,19,516,307,476,251,40,56,34,43,6,13,281,54,488,276,53,398,5,1,90,67,756,67,660,0,96
2014,29,840,7.39,106,4,730,111,619,1779.97,112,107,324,128,59,150,580,648,82,71,11,423,307,390,258,33,49,31,40,2,9,219,71,440,215,71,362,4,0,78,50,680,49,599,1,81
2015,29,743,6.6,106,6,631,76,555,1700.0,74,119,271,122,45,145,486,550,81,69,12,396,235,355,195,41,40,36,33,5,7,190,58,383,181,56,313,9,2,70,84,547,76,474,8,73
2016,29,672,6.03,118,7,547,78,469,1850.0,77,76,236,123,35,107,440,487,60,51,9,325,222,297,190,28,32,24,27,4,5,150,66,331,147,64,276,3,2,55,67,480,65,422,2,58
2017,29,642,5.82,78,11,553,68,485,1915.25,71,77,250,115,40,94,459,482,71,61,10,298,255,263,219,35,36,32,29,3,7,122,81,350,117,80,285,5,1,65,69,484,64,418,5,66
2018,29,614,5.63,79,3,532,66,466,1886.62,114,44,253,96,25,90,442,468,64,57,7,338,194,300,168,38,26,37,20,1,6,105,62,365,103,61,304,2,1,61,106,426,104,364,2,62
2019,29,661,6.12,78,24,559,151,408,1984.82,154,42,216,108,39,105,454,504,55,47,8,321,238,293,211,28,27,24,23,4,4,98,78,383,96,78,330,2,0,53,136,423,129,375,7,48
2010,30,259,2.78,24,2,233,62,171,2000.0,61,33,75,48,16,73,160,210,23,17,6,138,95,124,86,14,9,12,5,2,4,90,26,117,88,26,96,2,0,21,27,206,26,184,1,22
2011,30,330,3.54,33,4,293,79,214,1750.0,78,38,110,52,15,85,208,256,37,32,5,178,115,160,96,18,19,15,17,3,2,97,25,171,96,24,136,1,1,35,41,252,41,215,0,37
2012,30,310,3.32,40,3,267,79,188,2067.5,79,30,82,57,19,79,188,238,29,21,8,167,100,156,82,11,18,11,10,0,8,99,13,155,97,12,129,2,1,26,47,220,46,192,1,28
2013,30,293,3.13,36,4,253,81,172,2195.0,81,27,70,52,23,68,185,226,27,24,3,173,80,153,73,20,7,18,6,2,1,97,20,136,94,19,113,3,1,23,16,237,13,213,3,24
2014,30,279,2.98,56,0,223,53,170,2100.0,53,26,81,45,18,51,172,196,27,20,7,138,85,127,69,11,16,9,11,2,5,76,18,129,75,17,104,1,1,25,16,207,15,181,1,26
2015,30,277,2.95,58,4,215,53,162,2090.0,51,23,77,47,17,49,166,189,26,21,5,119,96,110,79,9,17,7,14,2,3,67,31,117,67,31,91,0,0,26,22,193,22,167,0,26
2016,30,219,2.33,47,2,170,37,133,2220.0,37,12,64,39,18,26,144,141,29,28,1,97,73,86,55,11,18,10,18,1,0,48,25,97,47,24,70,1,1,27,27,143,25,116,2,27
2017,30,186,1.98,36,2,148,32,116,2535.6,31,10,47,40,20,22,126,133,15,14,1,88,60,78,55,10,5,10,4,0,1,42,15,91,41,15,77,1,0,14,12,136,12,121,0,15
2018,30,167,1.77,32,0,135,24,111,2600.0,26,10,42,34,23,26,109,116,19,18,1,78,57,68,48,10,9,10,8,0,1,28,22,85,27,22,67,1,0,18,15,120,14,102,1,18
2019,30,165,1.75,24,1,140,36,104,2645.5,36,9,38,34,23,30,110,126,14,11,3,93,47,83,43,10,4,8,3,2,1,36,18,86,36,17,73,0,1,13,27,113,26,100,1,13
2010,31,320,3.47,37,3,280,66,214,2000.0,65,36,109,46,24,103,177,244,36,27,9,182,98,163,81,19,17,17,10,2,7,111,27,142,110,26,108,1,1,34,32,248,30,214,2,34
2011,31,302,3.26,24,2,276,72,204,2100.0,71,25,98,61,21,86,190,241,35,25,10,166,110,151,90,15,20,14,11,1,9,95,25,156,92,23,126,3,2,30,31,245,30,211,1,34
2012,31,375,4.04,43,1,331,75,256,1950.0,75,30,139,55,32,87,244,305,26,20,6,217,114,198,107,19,7,17,3,2,4,134,20,177,133,20,152,1,0,25,62,269,61,244,1,25
2013,31,352,3.77,54,2,296,94,202,1850.0,93,38,98,47,20,79,217,262,34,26,8,177,119,157,105,20,14,19,7,1,7,97,18,181,96,18,148,1,0,33,22,274,20,242,2,32
2014,31,306,3.27,60,3,243,56,187,1930.0,54,32,91,49,17,51,192,212,31,23,8,150,93,137,75,13,18,12,11,1,7,78,13,152,75,13,124,3,0,28,12,231,12,200,0,31
2015,31,319,3.39,82,3,234,43,191,1823.0,43,24,102,52,13,40,194,200,34,29,5,146,88,132,68,14,20,11,18,3,2,79,20,135,78,20,102,1,0,33,25,209,25,175,0,34
2016,31,268,2.84,59,2,207,28,179,2207.23,27,14,94,53,19,45,162,187,20,19,1,137,70,124,63,13,7,13,6,0,1,71,29,107,71,28,88,0,1,19,32,175,30,157,2,18
2017,31,221,2.33,36,2,183,33,150,2170.0,32,25,66,41,19,30,153,163,20,18,2,122,61,111,52,11,9,10,8,1,1,70,26,87,70,25,68,0,1,19,27,156,27,136,0,20
2018,31,192,2.02,27,2,163,30,133,2412.5,29,11,58,47,18,40,123,140,23,22,1,101,62,87,53,14,9,13,9,1,0,49,17,97,48,17,75,1,0,22,23,140,22,118,1,22
2019,31,189,1.98,28,4,157,28,129,2400.0,30,11,56,38,22,27,130,133,24,20,4,89,68,79,54,10,14,10,10,0,4,38,26,93,37,26,70,1,0,23,27,130,27,106,0,24
2010,32,184,1.41,6,4,174,32,142,2397.05,31,16,59,50,18,31,143,152,22,20,2,100,74,87,65,13,9,13,7,0,2,58,20,96,55,20,77,3,0,19,33,141,32,120,1,21
2011,32,191,1.48,4,4,183,37,146,2460.0,36,13,63,54,17,38,145,156,27,25,2,99,84,87,69,12,15,10,15,2,0,57,20,106,56,19,81,1,1,25,27,156,27,129,0,27
2012,32,202,1.57,17,4,181,36,145,2646.54,35,16,54,51,25,24,157,156,25,23,2,99,82,85,71,14,11,13,10,1,1,59,22,100,58,22,76,1,0,24,31,150,30,126,1,24
2013,32,170,1.33,11,3,156,47,109,2595.0,47,11,43,40,15,20,136,132,24,19,5,69,87,60,72,9,15,8,11,1,4,43,25,88,42,25,65,1,0,23,9,147,7,125,2,22
2014,32,139,1.1,15,3,121,26,95,2987.5,25,5,30,39,22,13,108,104,17,15,2,71,50,61,43,10,7,10,5,0,2,38,10,73,38,10,56,0,0,17,9,112,9,95,0,17
2015,32,114,0.91,14,1,99,18,81,3281.01,17,6,25,27,24,8,91,92,7,6,1,58,41,54,38,4,3,3,3,1,0,29,16,54,29,15,48,0,1,6,14,85,13,79,1,6
2016,32,110,0.88,10,0,100,22,78,3525.0,22,6,25,25,22,8,92,88,12,10,2,45,55,42,46,3,9,3,7,0,2,23,25,52,23,25,40,0,0,12,13,87,12,76,1,11
2017,32,97,0.78,14,1,82,17,65,3506.0,17,5,14,24,22,8,74,68,14,13,1,48,34,39,29,9,5,9,4,0,1,19,11,52,19,11,38,0,0,14,10,72,10,58,0,14
2018,32,76,0.62,12,0,64,14,50,3125.0,15,9,9,21,10,6,58,52,12,12,0,37,27,30,22,7,5,7,5,0,0,14,15,35,12,15,25,2,0,10,11,53,10,42,1,11
2019,32,86,0.7,7,3,76,16,60,3535.09,16,5,15,20,20,7,69,63,13,13,0,39,37,33,30,6,7,6,7,0,0,13,15,48,13,15,35,0,0,13,16,60,16,47,0,13
2010,33,231,1.99,17,3,211,35,176,2240.16,30,21,79,61,20,36,175,176,35,31,4,131,80,115,61,16,19,16,15,0,4,75,15,121,72,15,89,3,0,32,33,178,32,144,1,34
2011,33,262,2.23,22,5,235,56,179,2187.39,56,30,77,52,20,47,188,205,30,23,7,137,98,127,78,10,20,9,14,1,6,87,18,130,86,18,101,1,0,29,35,200,35,170,0,30
2012,33,262,2.2,16,4,242,45,197,2291.32,45,22,88,61,26,47,195,207,35,31,4,144,98,126,81,18,17,16,15,2,2,76,19,147,74,18,115,2,1,32,41,201,40,167,1,34
2013,33,269,2.24,32,2,235,50,185,2100.0,49,29,83,54,20,40,195,199,36,31,5,147,88,123,76,24,12,21,10,3,2,92,23,120,89,23,87,3,0,33,23,212,19,180,4,32
2014,33,247,2.03,32,3,212,53,159,2100.0,54,19,77,49,13,35,177,182,30,17,13,129,83,111,71,18,12,12,5,6,7,79,15,118,77,14,91,2,1,27,10,202,9,173,1,29
2015,33,240,1.95,53,4,183,38,145,2067.98,38,15,76,36,18,29,154,163,20,16,4,102,81,98,65,4,16,4,12,0,4,59,27,97,59,27,77,0,0,20,15,168,15,148,0,20
2016,33,184,1.48,33,1,150,27,123,2700.0,27,16,41,37,29,26,124,129,21,18,3,79,71,70,59,9,12,8,10,1,2,37,27,86,36,27,66,1,0,20,21,129,21,108,0,21
2017,33,165,1.31,23,3,139,22,117,2235.0,22,12,52,46,7,20,119,122,17,14,3,71,68,63,59,8,9,8,6,0,3,45,31,63,43,31,48,2,0,15,17,122,17,105,0,17
2018,33,148,1.16,16,2,130,28,102,2300.0,29,11,46,31,13,23,107,116,14,14,0,87,43,76,40,11,3,11,3,0,0,49,20,61,48,20,48,1,0,13,23,107,23,93,0,14
2019,33,137,1.07,22,5,110,16,94,2605.0,17,2,39,33,19,14,96,98,12,10,2,59,51,52,46,7,5,6,4,1,1,26,17,67,25,17,56,1,0,11,25,85,24,74,1,11
2010,34,359,6.52,36,3,320,91,229,2200.0,90,29,98,66,37,171,149,286,34,23,11,190,130,182,104,8,26,8,15,0,11,122,31,167,121,30,135,1,1,32,35,285,35,251,0,34
2011,34,384,6.99,22,2,360,101,259,2248.75,100,50,93,71,46,194,166,324,36,28,8,235,125,212,112,23,13,18,10,5,3,126,29,205,124,29,171,2,0,34,54,306,52,272,2,34
2012,34,413,7.53,39,2,372,86,286,2258.5,86,34,124,92,36,179,193,332,40,31,9,231,141,215,117,16,24,14,17,2,7,133,23,216,131,23,178,2,0,38,68,304,65,267,3,37
2013,34,385,7.04,48,3,334,96,238,2062.5,96,31,116,57,34,172,162,291,43,31,12,222,112,198,93,24,19,21,10,3,9,111,18,205,110,17,164,1,1,41,25,309,24,267,1,42
2014,34,419,7.68,71,9,339,100,239,2125.0,100,33,104,72,30,153,186,303,36,27,9,211,128,193,110,18,18,15,12,3,6,116,25,198,115,25,163,1,0,35,26,313,25,278,1,35
2015,34,398,7.32,105,3,290,63,227,2647.45,64,30,80,65,51,119,171,252,38,34,4,188,102,172,80,16,22,16,18,0,4,101,26,163,101,26,125,0,0,38,29,261,28,224,1,37
2016,34,353,6.51,94,3,256,61,195,2300.0,58,23,83,55,37,99,157,229,27,25,2,158,98,141,88,17,10,16,9,1,1,75,45,136,75,44,110,0,1,26,36,220,34,195,2,25
2017,34,341,6.3,81,2,258,40,218,2850.0,37,18,76,80,47,97,161,227,31,29,2,164,94,147,80,17,14,16,13,1,1,82,33,143,81,32,114,1,1,29,46,212,44,183,2,29
2018,34,352,6.52,60,4,288,67,221,2400.0,76,22,86,62,42,104,184,256,32,32,0,191,97,174,82,17,15,17,15,0,0,70,38,180,68,37,151,2,1,29,66,222,64,192,2,30
2019,34,335,6.22,73,6,256,84,172,2760.0,85,15,59,63,34,74,182,218,38,36,2,170,86,148,70,22,16,22,14,0,2,60,21,175,59,21,138,1,0,37,65,191,62,156,3,35
2010,35,256,2.2,9,4,243,51,192,1902.74,50,38,81,55,19,70,173,202,41,30,11,161,82,136,66,25,16,24,6,1,10,100,19,124,97,19,86,3,0,38,37,206,37,165,0,41
2011,35,308,2.64,16,5,287,80,207,2100.0,78,35,96,52,26,80,207,254,33,26,7,173,114,157,97,16,17,15,11,1,6,97,21,169,95,21,138,2,0,31,45,242,43,211,2,31
2012,35,292,2.5,27,2,263,62,201,1938.0,60,40,86,58,19,71,192,238,25,16,9,170,93,155,83,15,10,12,4,3,6,97,24,142,95,24,119,2,0,23,48,215,46,192,2,23
2013,35,293,2.5,31,5,257,66,191,1933.98,73,25,99,45,15,63,194,220,37,27,10,169,88,150,70,19,18,18,9,1,9,109,18,130,106,16,98,3,2,32,12,245,12,208,0,37
2014,35,266,2.27,47,4,215,53,162,1910.0,54,29,73,47,12,60,155,186,29,25,4,136,79,119,67,17,12,14,11,3,1,78,18,119,76,17,93,2,1,26,17,198,17,169,0,29
2015,35,248,2.11,58,3,187,42,145,2112.5,41,20,63,37,26,43,144,154,33,31,2,108,79,98,56,10,23,10,21,0,2,55,18,114,54,18,82,1,0,32,17,170,16,138,1,32
2016,35,197,1.68,47,3,147,29,118,2125.0,29,19,48,32,19,32,115,126,21,20,1,94,53,79,47,15,6,14,6,1,0,55,19,73,51,19,56,4,0,17,28,119,26,100,2,19
2017,35,215,1.83,26,5,184,26,158,2250.0,27,28,61,49,19,36,148,159,25,22,3,113,71,102,57,11,14,11,11,0,3,69,26,89,68,26,65,1,0,24,22,162,21,138,1,24
2018,35,161,1.36,27,2,132,25,107,2580.0,25,11,42,39,15,13,119,111,21,16,5,95,37,83,28,12,9,12,4,0,5,37,8,87,37,8,66,0,0,21,24,108,24,87,0,21
2019,35,158,1.34,28,1,129,34,95,2500.0,34,12,35,33,15,18,111,115,14,12,2,81,48,74,41,7,7,7,5,0,2,40,16,73,38,16,61,2,0,12,37,92,35,80,2,12
2010,36,216,3.05,28,5,183,60,123,2001.74,61,14,57,37,14,73,110,163,20,16,4,117,66,103,60,14,6,12,4,2,2,73,16,94,71,16,76,2,0,18,21,162,20,143,1,19
2011,36,227,3.23,29,1,197,66,131,2240.0,63,22,53,34,25,64,133,178,19,18,1,128,69,115,63,13,6,12,6,1,0,84,11,102,84,11,83,0,0,19,17,180,16,162,1,18
2012,36,283,4.05,48,4,231,83,148,1954.96,83,21,71,35,21,66,165,199,32,29,3,144,87,124,75,20,12,18,11,2,1,82,14,135,81,14,104,1,0,31,46,185,44,155,2,30
2013,36,250,3.6,45,1,204,54,150,2242.5,56,14,67,44,23,70,134,161,43,36,7,125,79,100,61,25,18,24,12,1,6,70,16,118,66,16,79,4,0,39,16,188,15,146,1,42
2014,36,267,3.87,55,1,211,51,160,2184.99,52,23,76,50,10,76,135,189,22,19,3,141,70,134,55,7,15,7,12,0,3,89,14,108,89,14,86,0,0,22,13,198,13,176,0,22
2015,36,215,3.14,46,2,167,35,132,1825.0,35,23,65,24,20,40,127,145,22,17,5,101,66,90,55,11,11,9,8,2,3,56,11,100,56,11,78,0,0,22,17,150,17,128,0,22
2016,36,200,2.94,46,2,152,26,126,2154.75,25,22,54,34,17,33,119,130,22,20,2,97,55,86,44,11,11,11,9,0,2,51,18,83,51,17,62,0,1,21,20,132,20,110,0,22
2017,36,166,2.45,32,2,132,32,100,2350.0,30,16,36,35,15,27,105,117,15,12,3,84,48,78,39,6,9,5,7,1,2,37,16,79,37,16,64,0,0,15,20,112,20,97,0,15
2018,36,167,2.48,52,1,114,14,100,2700.0,15,4,39,42,14,20,94,97,17,16,1,66,48,59,38,7,10,7,9,0,1,30,17,67,29,17,51,1,0,16,18,96,17,80,1,16
2019,36,147,2.2,16,4,127,18,109,2405.0,17,13,43,41,13,20,107,111,16,12,4,82,45,72,39,10,6,9,3,1,3,33,17,77,31,17,63,2,0,14,27,100,27,84,0,16
2010,37,718,7.0,45,6,667,152,515,1742.5,149,120,244,119,35,310,357,597,70,55,15,435,232,403,194,32,38,27,28,5,10,280,57,330,279,55,263,1,2,67,114,553,110,487,4,66
2011,37,816,8.0,38,9,769,165,604,1650.0,160,140,296,121,52,298,471,698,71,50,21,468,301,441,257,27,44,24,26,3,18,284,72,413,281,70,347,3,2,66,102,667,98,600,4,67
2012,37,863,8.5,40,3,820,139,681,1730.25,142,153,320,149,56,285,535,749,71,62,9,539,281,510,239,29,42,28,34,1,8,337,59,424,335,59,355,2,0,69,180,640,177,572,3,68
2013,37,769,7.62,51,6,712,142,570,1822.75,138,91,291,131,61,285,427,641,71,53,18,458,254,428,213,30,41,27,26,3,15,257,40,415,254,40,347,3,0,68,58,654,57,584,1,70
2014,37,761,7.58,84,3,674,124,550,1700.0,124,95,280,115,60,220,454,615,59,52,7,459,215,433,182,26,33,23,29,3,4,247,40,387,243,39,333,4,1,54,68,606,67,548,1,58
2015,37,639,6.39,113,3,523,68,455,1752.5,69,98,213,102,41,172,351,462,61,58,3,334,189,312,150,22,39,21,37,1,2,174,44,305,169,44,249,5,0,56,78,445,75,387,3,58
2016,37,562,5.65,127,5,430,63,367,1780.0,61,69,194,62,44,119,311,366,64,53,11,283,147,248,118,35,29,30,23,5,6,124,46,260,121,43,202,3,3,58,63,367,63,303,0,64
2017,37,550,5.56,118,5,427,61,366,1840.0,56,65,174,94,38,111,316,377,50,47,3,267,160,241,136,26,24,24,23,2,1,118,57,252,114,56,207,4,1,45,58,369,57,320,1,49
2018,37,537,5.46,79,6,452,63,389,1848.19,77,52,201,87,35,91,361,386,66,56,10,292,160,254,132,38,28,35,21,3,7,111,50,291,104,49,233,7,1,58,86,366,83,303,3,63
2019,37,478,4.88,63,8,407,107,300,2000.0,108,26,152,92,29,96,311,373,34,31,3,239,168,224,149,15,19,14,17,1,2,96,42,269,94,42,237,2,0,32,93,314,90,283,3,31
2010,38,137,2.34,15,3,119,28,91,2300.0,28,12,36,32,11,39,80,106,13,11,2,70,49,61,45,9,4,8,3,1,1,39,7,73,38,7,61,1,0,12,17,102,17,89,0,13
2011,38,176,2.96,15,1,160,43,117,2300.0,43,21,44,36,16,38,122,145,15,13,2,94,66,87,58,7,8,7,6,0,2,50,14,96,50,13,82,0,1,14,20,140,20,125,0,15
2012,38,194,3.21,24,5,165,54,111,2165.45,54,15,47,25,24,38,127,137,28,26,2,106,59,87,50,19,9,19,7,0,2,57,11,97,56,11,70,1,0,27,29,136,28,109,1,27
2013,38,188,3.07,23,2,163,47,116,2202.0,45,9,59,33,17,46,117,138,25,24,1,112,51,94,44,18,7,18,6,0,1,59,10,94,55,10,73,4,0,21,11,152,10,128,1,24
2014,38,159,2.56,31,0,128,27,101,2400.0,27,14,40,29,18,27,101,107,21,16,5,80,48,72,35,8,13,8,8,0,5,43,12,73,43,11,53,0,1,20,12,116,11,96,1,20
2015,38,175,2.78,42,2,131,25,106,2001.27,25,12,48,28,18,41,90,108,23,22,1,90,41,74,34,16,7,16,6,0,1,49,8,74,46,8,54,3,0,20,17,114,15,93,2,21
2016,38,136,2.13,35,0,101,19,82,2750.0,18,11,24,29,19,16,85,89,12,11,1,67,34,61,28,6,6,5,6,1,0,43,16,42,42,15,32,1,1,10,18,83,17,72,1,11
2017,38,154,2.37,29,0,125,23,102,2400.0,24,11,44,25,21,14,111,104,21,18,3,75,50,66,38,9,12,7,11,2,1,31,17,77,30,17,57,1,0,20,12,113,12,92,0,21
2018,38,95,1.44,11,2,82,19,63,3449.12,18,4,17,24,19,7,75,72,10,9,1,47,35,43,29,4,6,3,6,1,0,26,14,42,25,13,34,1,1,8,16,66,16,56,0,10
2019,38,95,1.42,11,4,80,11,69,2639.91,12,4,28,20,16,10,70,65,15,15,0,42,38,35,30,7,8,7,8,0,0,17,15,48,16,15,34,1,0,14,16,64,15,50,1,14
2010,39,178,2.0,10,3,165,39,126,2409.89,39,19,45,47,15,30,135,147,18,10,8,109,56,99,48,10,8,6,4,4,4,65,14,86,64,14,69,1,0,17,23,142,22,125,1,17
2011,39,207,2.34,12,1,194,39,155,2135.0,38,26,63,39,28,33,161,162,32,26,6,120,74,102,60,18,14,17,9,1,5,50,14,130,50,14,98,0,0,32,22,172,22,140,0,32
2012,39,202,2.3,18,1,183,33,150,2040.0,32,25,67,39,20,28,155,159,24,20,4,120,63,107,52,13,11,13,7,0,4,69,15,99,68,15,76,1,0,23,40,143,36,123,4,20
2013,39,212,2.43,19,2,191,37,154,2032.5,37,25,70,35,24,29,162,167,24,19,5,117,74,105,62,12,12,11,8,1,4,63,9,119,62,9,96,1,0,23,17,174,17,150,0,24
2014,39,181,2.09,27,1,153,31,122,1905.0,31,26,54,29,13,21,132,131,22,18,4,98,55,83,48,15,7,13,5,2,2,49,13,91,48,13,70,1,0,21,20,133,19,112,1,21
2015,39,180,2.1,34,0,146,29,117,2360.0,29,15,52,29,21,16,130,119,27,25,2,80,66,68,51,12,15,11,14,1,1,50,19,77,48,19,52,2,0,25,18,128,17,102,1,26
2016,39,138,1.62,24,1,113,38,75,2400.0,38,7,35,19,14,16,97,97,16,16,0,69,44,62,35,7,9,7,9,0,0,39,11,63,36,11,50,3,0,13,13,100,12,85,1,15
2017,39,158,1.87,20,2,136,26,110,2287.5,26,9,53,30,18,17,119,114,22,21,1,83,53,73,41,10,12,9,12,1,0,51,16,69,48,16,50,3,0,19,18,118,18,96,0,22
2018,39,109,1.3,24,0,85,16,69,2500.0,16,6,28,20,15,9,76,67,18,16,2,51,34,42,25,9,9,9,7,0,2,21,11,53,19,11,37,2,0,16,17,68,17,50,0,18
2019,39,99,1.19,13,2,84,13,71,2878.75,13,1,26,24,20,9,75,78,6,6,0,56,28,52,26,4,2,4,2,0,0,24,6,54,24,6,48,0,0,6,22,62,21,57,1,5
2010,40,311,2.3,19,1,291,56,235,2340.64,54,31,100,72,34,39,252,259,32,26,6,179,112,161,98,18,14,14,12,4,2,108,22,161,107,21,131,1,1,30,50,241,49,210,1,31
2011,40,278,2.03,17,5,256,45,211,2480.0,43,19,89,55,50,50,206,230,26,22,4,154,102,140,90,14,12,14,8,0,4,82,18,156,78,18,134,4,0,22,40,216,39,191,1,25
2012,40,301,2.18,17,1,283,41,242,2400.0,40,22,101,85,35,45,238,257,26,26,0,181,102,162,95,19,7,19,7,0,0,114,18,151,111,18,128,3,0,23,59,224,55,202,4,22
2013,40,263,1.88,21,1,241,45,196,2595.0,45,13,79,60,44,39,202,205,36,30,6,152,89,134,71,18,18,18,12,0,6,87,27,127,85,26,94,2,1,33,20,221,20,185,0,36
2014,40,284,2.0,40,2,242,49,193,2310.0,49,27,81,64,21,34,208,213,29,27,2,145,97,134,79,11,18,10,17,1,1,86,19,137,83,19,111,3,0,26,24,218,22,191,2,27
2015,40,216,1.51,33,1,182,41,141,2555.0,42,11,57,43,29,13,169,154,28,24,4,106,76,93,61,13,15,11,13,2,2,57,25,100,57,25,72,0,0,28,21,161,21,133,0,28
2016,40,178,1.23,31,1,146,24,122,2422.42,24,12,50,39,21,18,128,128,18,17,1,81,65,70,58,11,7,11,6,0,1,44,26,76,42,26,60,2,0,16,14,132,12,116,2,16
2017,40,186,1.27,33,2,151,29,122,2840.79,29,11,39,52,20,8,143,131,20,16,4,78,73,74,57,4,16,4,12,0,4,43,31,77,43,30,58,0,1,19,23,128,23,108,0,20
2018,40,188,1.27,20,3,165,45,120,3186.85,43,3,36,46,37,17,148,138,27,25,2,91,74,75,63,16,11,15,10,1,1,44,30,91,42,28,68,2,2,23,26,139,25,113,1,26
2019,40,167,1.11,18,6,143,37,106,2734.36,38,5,40,44,16,17,126,125,18,17,1,77,66,67,58,10,8,10,7,0,1,41,29,73,39,29,57,2,0,16,36,107,35,90,1,17
2010,41,173,2.77,6,0,167,24,143,2100.0,21,21,70,37,18,26,141,154,13,12,1,88,79,84,70,4,9,4,8,0,1,54,30,83,54,30,70,0,0,13,18,149,18,136,0,13
2011,41,164,2.56,6,4,154,20,134,2306.42,20,20,56,35,23,18,136,135,19,18,1,94,60,84,51,10,9,9,9,1,0,60,20,74,57,20,58,3,0,16,36,118,35,100,1,18
2012,41,180,2.75,10,0,170,25,145,2257.2,24,24,57,42,23,17,153,148,22,22,0,97,73,83,65,14,8,14,8,0,0,50,20,100,50,20,78,0,0,22,26,144,21,127,5,17
2013,41,168,2.51,18,0,150,16,134,1934.42,16,27,59,36,12,13,137,141,9,9,0,90,60,88,53,2,7,2,7,0,0,56,29,65,56,29,56,0,0,9,22,128,21,120,1,8
2014,41,124,1.82,9,1,114,9,105,1947.84,9,18,50,23,14,8,106,102,12,12,0,68,46,64,38,4,8,4,8,0,0,40,22,52,39,22,41,1,0,11,11,103,11,91,0,12
2015,41,107,1.54,12,0,95,11,84,2277.31,11,8,41,26,9,5,90,86,9,9,0,54,41,51,35,3,6,3,6,0,0,35,16,44,35,15,36,0,1,8,14,81,14,72,0,9
2016,41,95,1.34,14,0,81,11,70,2211.96,10,7,32,19,13,10,71,72,9,8,1,54,27,49,23,5,4,4,4,1,0,31,14,36,30,14,28,1,0,8,11,70,11,61,0,9
2017,41,107,1.48,8,0,99,20,79,3026.96,20,8,20,29,22,10,89,77,22,22,0,52,47,38,39,14,8,14,8,0,0,22,21,56,22,21,34,0,0,22,15,84,14,63,1,21
2018,41,89,1.2,4,0,85,14,71,3000.0,14,4,23,30,14,11,74,72,13,13,0,48,37,40,32,8,5,8,5,0,0,19,17,49,18,17,37,1,0,12,11,74,10,62,1,12
2019,41,112,1.49,6,2,104,14,90,2400.0,15,10,38,22,19,5,99,90,14,11,3,46,58,42,48,4,10,4,7,0,3,22,26,56,22,26,42,0,0,14,16,88,16,74,0,14
2010,42,731,4.13,11,10,710,27,683,3312.45,23,26,214,257,190,9,701,632,78,75,3,358,352,321,311,37,41,35,40,2,1,177,116,417,171,114,347,6,2,70,174,536,169,463,5,73
2011,42,530,2.79,7,11,512,29,483,3374.66,28,21,138,174,151,11,501,443,69,68,1,251,261,222,221,29,40,29,39,0,1,133,70,309,129,69,245,4,1,64,96,416,91,352,5,64
2012,42,436,2.14,15,7,414,31,383,3583.34,30,16,100,153,115,12,402,367,47,46,1,204,210,185,182,19,28,19,27,0,1,112,69,233,110,69,188,2,0,45,92,322,90,277,2,45
2013,42,418,1.93,12,4,402,33,369,3836.66,32,11,93,148,118,10,392,345,57,55,2,195,207,168,177,27,30,27,28,0,2,106,72,224,101,72,172,5,0,52,37,365,35,310,2,55
2014,42,376,1.64,15,3,358,31,327,3803.8,31,14,73,129,111,5,353,308,50,47,3,162,196,141,167,21,29,20,27,1,2,94,74,190,88,73,147,6,1,43,34,324,32,276,2,48
2015,42,462,1.9,27,3,432,31,401,3920.01,30,13,79,167,143,5,427,360,72,69,3,190,242,152,208,38,34,37,32,1,2,101,130,201,94,128,138,7,2,63,62,370,57,303,5,67
2016,42,417,1.63,31,4,382,27,355,4089.81,27,5,78,137,135,3,379,324,58,57,1,176,206,147,177,29,29,29,28,0,1,82,99,201,79,98,147,3,1,54,66,316,61,263,5,53
2017,42,368,1.37,22,2,344,29,315,4623.61,27,2,56,117,142,6,338,291,53,52,1,153,191,126,165,27,26,27,25,0,1,79,86,179,76,85,130,3,1,49,60,284,54,237,6,47
2018,42,354,1.25,17,2,335,21,314,4740.0,22,5,53,110,145,6,329,281,54,52,2,169,166,131,150,38,16,37,15,1,1,81,83,171,79,82,120,2,1,51,62,273,60,221,2,52
2019,42,380,1.29,21,10,349,32,317,4733.82,35,5,60,100,149,1,348,310,39,38,1,167,182,142,168,25,14,24,14,1,0,80,98,171,77,97,136,3,1,35,79,270,71,239,8,31
2010,43,237,1.39,6,2,229,19,210,2415.25,17,16,92,56,48,6,223,208,21,17,4,113,116,104,104,9,12,9,8,0,4,64,32,133,62,31,115,2,1,18,39,190,37,171,2,19
2011,43,211,1.24,4,5,202,24,178,2830.0,21,16,63,51,51,6,196,171,31,26,5,96,106,83,88,13,18,11,15,2,3,45,20,137,44,20,107,1,0,30,39,163,37,134,2,29
2012,43,170,0.99,2,2,166,26,140,2684.0,26,18,47,50,25,7,159,144,22,17,5,74,92,65,79,9,13,9,8,0,5,43,32,91,43,32,69,0,0,22,26,140,26,118,0,22
2013,43,157,0.91,0,4,153,19,134,2853.15,17,13,49,34,40,5,148,129,24,22,2,68,85,55,74,13,11,12,10,1,1,38,20,95,35,19,75,3,1,20,12,141,11,118,1,23
2014,43,128,0.74,6,3,119,14,105,2791.0,14,13,36,30,26,1,118,106,13,13,0,55,64,46,60,9,4,9,4,0,0,21,20,78,20,20,66,1,0,12,7,112,7,99,0,13
2015,43,128,0.74,9,1,118,13,105,3367.7,13,4,31,36,34,3,115,96,22,22,0,59,59,47,49,12,10,12,10,0,0,29,25,64,27,25,44,2,0,20,7,111,7,89,0,22
2016,43,123,0.71,19,2,102,15,87,2964.12,15,7,30,23,27,4,98,86,16,14,2,48,54,42,44,6,10,5,9,1,1,23,27,52,23,27,36,0,0,16,10,92,10,76,0,16
2017,43,94,0.54,7,2,85,14,71,3378.12,14,2,20,24,25,0,85,70,15,11,4,40,45,33,37,7,8,6,5,1,3,22,21,42,20,20,30,2,1,12,13,72,11,59,2,13
2018,43,110,0.63,10,1,99,11,88,4071.45,11,6,24,22,36,4,95,89,10,10,0,48,51,43,46,5,5,5,5,0,0,25,16,58,25,16,48,0,0,10,20,79,18,71,2,8
2019,43,69,0.39,7,1,61,2,59,3357.46,3,2,19,24,13,0,61,57,4,3,1,33,28,32,25,1,3,1,2,0,1,13,12,36,13,12,32,0,0,4,17,44,17,40,0,4
2010,44,293,1.27,3,4,286,20,266,1935.0,19,61,101,72,33,9,277,256,30,28,2,140,146,126,130,14,16,14,14,0,2,89,46,151,87,45,124,2,1,27,52,234,51,205,1,29
2011,44,230,1.01,3,6,221,14,207,1905.76,14,28,99,50,30,12,209,195,26,23,3,116,105,101,94,15,11,14,9,1,2,70,25,126,69,25,101,1,0,25,36,185,33,162,3,23
2012,44,230,1.01,5,3,222,14,208,2100.0,15,24,102,49,32,6,216,204,18,16,2,111,111,103,101,8,10,6,10,2,0,61,35,126,60,35,109,1,0,17,50,172,49,155,1,17
2013,44,208,0.92,7,0,201,11,190,2117.62,10,23,85,52,31,3,198,175,26,24,2,107,94,96,79,11,15,11,13,0,2,69,27,105,67,26,82,2,1,23,25,176,24,151,1,25
2014,44,137,0.61,8,1,128,13,115,2281.53,12,10,53,36,17,3,125,116,12,10,2,61,67,59,57,2,10,2,8,0,2,37,21,70,37,19,60,0,2,10,12,116,11,105,1,11
2015,44,165,0.74,13,1,151,21,130,3109.75,20,8,48,43,32,0,151,131,20,17,3,80,71,71,60,9,11,8,9,1,2,41,21,89,40,20,71,1,1,18,14,137,14,117,0,20
2016,44,122,0.55,8,2,112,14,98,2940.29,14,2,30,44,22,3,109,101,11,11,0,58,54,53,48,5,6,5,6,0,0,35,26,51,35,26,40,0,0,11,20,92,20,81,0,11
2017,44,123,0.56,5,0,118,13,105,3421.6,13,1,29,37,38,2,116,99,19,17,2,67,51,56,43,11,8,10,7,1,1,31,17,70,31,17,51,0,0,19,20,98,20,79,0,19
2018,44,122,0.56,6,0,116,9,107,3170.02,12,5,37,32,30,0,116,101,15,14,1,61,55,56,45,5,10,5,9,0,1,25,25,66,25,25,51,0,0,15,21,95,21,80,0,15
2019,44,138,0.64,11,5,122,12,110,2998.43,12,12,27,40,31,3,119,110,12,9,3,67,55,62,48,5,7,3,6,2,1,27,26,69,26,25,59,1,1,10,31,91,30,80,1,11
2010,45,244,2.77,18,1,225,40,185,2350.0,36,12,94,64,19,55,170,205,20,17,3,141,84,131,74,10,10,9,8,1,2,87,18,120,85,17,103,2,1,17,32,193,31,174,1,19
2011,45,249,2.82,10,3,236,40,196,2100.0,39,28,99,47,23,45,191,207,29,22,7,147,89,132,75,15,14,14,8,1,6,83,22,131,82,21,104,1,1,27,40,196,40,167,0,29
2012,45,266,3.01,18,1,247,65,182,2147.3,67,26,83,55,16,52,195,220,27,26,1,163,84,149,71,14,13,14,12,0,1,79,11,157,77,11,132,2,0,25,42,205,39,181,3,24
2013,45,237,2.67,20,1,216,41,175,1890.0,40,24,86,34,32,34,182,192,24,21,3,139,77,123,69,16,8,14,7,2,1,74,18,124,72,18,102,2,0,22,22,194,22,170,0,24
2014,45,212,2.39,33,2,177,44,133,2000.0,43,23,62,30,19,40,137,148,29,26,3,110,67,97,51,13,16,13,13,0,3,66,15,96,62,15,71,4,0,25,12,165,11,137,1,28
2015,45,215,2.42,35,0,180,43,137,2065.0,42,10,75,37,16,24,156,159,21,20,1,114,66,103,56,11,10,11,9,0,1,68,14,98,68,14,77,0,0,21,21,159,20,139,1,20
2016,45,178,2.0,33,0,145,23,122,2415.0,23,7,56,34,25,14,131,126,19,16,3,87,58,79,47,8,11,8,8,0,3,47,30,68,46,29,51,1,1,17,19,126,18,108,1,18
2017,45,159,1.78,30,1,128,24,104,2415.14,24,9,43,35,17,14,114,112,16,15,1,80,48,73,39,7,9,7,8,0,1,40,19,69,40,17,55,0,2,14,16,112,15,97,1,15
2018,45,174,1.95,25,1,148,27,121,2260.0,27,15,51,33,22,15,133,130,18,17,1,96,52,87,43,9,9,8,9,1,0,48,16,84,46,15,69,2,1,15,34,114,30,100,4,14
2019,45,126,1.41,11,4,111,19,92,2500.0,22,9,34,28,18,11,100,97,14,11,3,68,43,61,36,7,7,5,6,2,1,28,15,68,27,15,55,1,0,13,27,84,27,70,0,14
2010,46,589,2.84,3,2,584,61,523,1850.0,61,116,223,145,39,27,557,524,60,36,24,334,250,309,215,25,35,21,15,4,20,208,80,296,204,78,242,4,2,54,92,492,89,435,3,57
2011,46,591,2.84,7,5,579,56,523,2193.0,48,89,217,157,68,26,553,518,61,43,18,317,262,299,219,18,43,14,29,4,14,184,70,325,181,65,272,3,5,53,97,482,94,424,3,58
2012,46,592,2.83,7,5,580,119,461,1810.0,117,86,225,108,44,22,558,516,64,40,24,321,259,290,226,31,33,23,17,8,16,197,83,300,192,82,242,5,1,58,108,472,104,412,4,60
2013,46,585,2.78,17,8,560,91,469,1604.17,90,111,229,87,43,6,554,509,51,28,23,304,256,287,222,17,34,13,15,4,19,187,91,282,186,89,234,1,2,48,54,506,52,457,2,49
2014,46,427,2.02,17,3,407,59,348,1860.0,58,62,160,90,37,16,391,370,37,25,12,204,203,189,181,15,22,14,11,1,11,127,82,198,122,81,167,5,1,31,39,368,36,334,3,34
2015,46,412,1.94,27,4,381,84,297,2084.76,84,43,128,79,47,5,376,337,44,37,7,195,186,179,158,16,28,15,22,1,6,119,77,185,117,73,147,2,4,38,39,342,39,298,0,44
2016,46,371,1.74,29,0,342,93,249,2307.0,93,40,93,80,36,7,335,299,43,29,14,176,166,157,142,19,24,17,12,2,12,105,80,157,103,78,118,2,2,39,44,298,39,260,5,38
2017,46,363,1.7,25,3,335,62,273,2404.86,62,42,101,80,50,8,327,295,40,29,11,171,164,154,141,17,23,17,12,0,11,101,64,170,101,63,131,0,1,39,45,290,45,250,0,40
2018,46,336,1.57,17,1,318,59,259,2609.9,60,30,95,89,44,9,309,287,31,24,7,153,165,140,147,13,18,12,12,1,6,83,78,157,83,78,126,0,0,31,49,269,49,238,0,31
2019,46,336,1.56,18,9,309,31,278,2269.73,31,26,120,104,28,1,308,281,28,16,12,129,180,118,163,11,17,6,10,5,7,64,98,147,64,96,121,0,2,26,56,253,53,228,3,25
2010,47,164,0.98,5,4,155,32,123,2260.0,34,22,44,33,22,12,143,138,17,11,6,94,61,87,51,7,10,7,4,0,6,58,21,76,58,20,60,0,1,16,18,137,18,120,0,17
2011,47,165,0.99,2,1,162,28,134,2246.69,30,17,56,36,23,31,131,141,21,18,3,97,65,82,59,15,6,14,4,1,2,49,12,101,48,12,81,1,0,20,16,146,15,126,1,20
2012,47,134,0.8,3,3,128,21,107,2276.81,21,7,52,32,16,13,115,112,16,12,4,76,52,70,42,6,10,6,6,0,4,50,11,67,49,11,52,1,0,15,24,104,24,88,0,16
2013,47,115,0.69,3,0,112,29,83,2250.0,27,15,31,20,19,11,101,99,13,7,6,60,52,54,45,6,7,5,2,1,5,35,18,59,34,18,47,1,0,12,11,101,11,88,0,13
2014,47,150,0.9,12,3,135,25,110,1944.0,24,24,45,29,13,10,125,116,19,13,6,79,56,73,43,6,13,6,7,0,6,46,16,73,46,16,54,0,0,19,10,125,9,107,1,18
2015,47,123,0.74,15,1,107,28,79,2100.0,28,8,40,24,7,3,104,97,10,9,1,57,50,53,44,4,6,4,5,0,1,34,18,55,34,18,45,0,0,10,11,96,10,87,1,9
2016,47,116,0.7,18,0,98,14,84,2494.49,14,11,31,32,10,7,91,84,14,11,3,50,48,42,42,8,6,6,5,2,1,26,21,51,26,21,37,0,0,14,10,88,10,74,0,14
2017,47,110,0.66,14,2,94,15,79,2526.0,15,6,33,29,11,4,90,85,9,7,2,52,42,49,36,3,6,2,5,1,1,30,12,52,29,12,44,1,0,8,12,82,11,74,1,8
2018,47,85,0.51,8,2,75,14,61,2493.49,15,4,26,19,11,3,72,68,7,6,1,48,27,45,23,3,4,3,3,0,1,25,14,36,25,14,29,0,0,7,16,59,16,52,0,7
2019,47,74,0.45,8,3,63,12,51,2941.07,11,3,14,25,10,3,60,55,8,6,2,33,30,30,25,3,5,2,4,1,1,14,15,34,14,14,27,0,1,7,12,51,12,43,0,8
2010,48,663,3.24,7,2,654,41,613,2488.91,36,76,234,234,74,35,619,604,50,37,13,395,259,367,237,28,22,25,12,3,10,246,66,342,245,66,293,1,0,49,101,553,98,506,3,47
2011,48,689,3.35,10,3,676,48,628,2605.97,38,62,236,237,103,25,651,613,63,50,13,419,257,391,222,28,35,27,23,1,12,263,73,340,260,70,283,3,3,57,137,539,132,481,5,58
2012,48,752,3.63,11,4,737,73,664,2000.0,52,63,363,182,77,23,714,672,65,46,19,380,357,353,319,27,38,24,22,3,16,215,126,396,210,125,337,5,1,59,160,577,155,517,5,60
2013,48,649,3.11,10,3,636,65,571,1831.18,64,81,318,121,52,26,610,586,50,35,15,340,296,318,268,22,28,21,14,1,14,207,112,317,206,111,269,1,1,48,77,559,76,510,1,49
2014,48,527,2.51,45,1,481,78,403,1938.5,79,41,222,101,38,15,466,441,40,22,18,240,241,224,217,16,24,11,11,5,13,127,78,276,126,78,237,1,0,39,37,444,37,404,0,40
2015,48,503,2.38,51,4,448,166,282,2228.97,165,47,106,84,46,13,435,395,53,45,8,231,217,209,186,22,31,19,26,3,5,134,96,218,132,92,171,2,4,47,44,404,41,354,3,50
2016,48,469,2.21,54,1,414,138,276,2244.03,139,55,89,86,45,11,403,382,32,26,6,204,210,188,194,16,16,15,11,1,5,115,107,192,112,107,163,3,0,29,43,371,42,340,1,31
2017,48,417,1.95,38,1,378,126,252,2459.67,124,36,92,83,43,5,373,354,24,20,4,206,172,195,159,11,13,9,11,2,2,126,80,172,122,79,153,4,1,19,49,329,47,307,2,22
2018,48,402,1.87,30,1,371,93,278,2380.0,97,26,120,86,42,3,368,333,38,30,8,169,202,151,182,18,20,17,13,1,7,84,110,177,82,110,141,2,0,36,57,314,54,279,3,35
2019,48,454,2.1,34,9,411,24,387,2325.41,27,28,187,108,61,6,405,372,39,31,8,189,222,168,204,21,18,16,15,5,3,92,136,183,91,136,145,1,0,38,84,327,81,291,3,36
2010,49,723,3.92,13,10,700,78,622,2198.0,75,77,296,194,58,89,611,633,67,53,14,449,251,415,218,34,33,32,21,2,12,283,69,348,279,67,287,4,2,61,110,590,109,524,1,66
2011,49,769,4.12,5,9,755,80,675,2165.0,73,103,298,208,73,85,670,683,72,56,16,468,287,425,258,43,29,38,18,5,11,288,51,416,281,50,352,7,1,64,120,635,118,565,2,70
2012,49,922,4.88,23,13,886,122,764,2062.55,116,106,390,192,82,88,798,799,87,65,22,553,333,512,287,41,46,35,30,6,16,341,92,453,338,91,370,3,1,83,194,692,185,614,9,78
2013,49,864,4.52,24,13,827,128,699,2025.0,129,110,345,182,61,99,728,721,106,84,22,539,288,479,242,60,46,51,33,9,13,330,77,420,317,74,330,13,3,90,84,743,79,642,5,101
2014,49,666,3.45,69,5,592,69,523,2052.5,70,81,247,148,46,42,550,532,60,50,10,339,253,319,213,20,40,19,31,1,9,209,70,313,208,69,255,1,1,58,51,541,50,482,1,59
2015,49,666,3.41,72,5,589,124,465,2123.79,125,80,211,126,47,38,551,526,63,51,12,337,252,303,223,34,29,30,21,4,8,176,101,312,171,98,257,5,3,55,75,514,73,453,2,61
2016,49,573,2.9,67,5,501,100,401,2157.5,99,47,198,109,48,39,462,437,64,58,6,296,205,259,178,37,27,35,23,2,4,173,107,221,165,107,165,8,0,56,74,427,68,369,6,58
2017,49,488,2.44,40,2,446,90,356,2275.0,89,44,157,112,44,24,422,379,67,54,13,240,206,214,165,26,41,22,32,4,9,137,88,221,133,86,160,4,2,61,52,394,50,329,2,65
2018,49,483,2.39,39,3,441,77,364,2384.75,77,48,146,122,48,11,430,382,59,47,12,212,229,183,199,29,30,23,24,6,6,99,119,223,98,116,168,1,3,55,55,386,52,330,3,56
2019,49,459,2.24,35,7,417,52,365,2445.0,54,31,156,146,30,12,405,372,45,35,10,208,209,188,184,20,25,17,18,3,7,102,81,234,99,81,192,3,0,42,94,323,89,283,5,40
2010,50,369,3.99,23,3,343,49,294,2652.46,49,32,101,107,54,54,289,306,37,35,2,220,123,199,107,21,16,21,14,0,2,145,31,167,140,31,135,5,0,32,60,283,57,249,3,34
2011,50,393,4.13,21,4,368,48,320,2880.81,46,29,106,125,62,45,323,336,32,27,5,237,131,220,116,17,15,17,10,0,5,142,38,188,138,38,160,4,0,28,71,297,69,267,2,30
2012,50,395,4.05,28,4,363,34,329,2509.5,34,25,137,109,58,43,320,320,43,36,7,226,137,205,115,21,22,18,18,3,4,113,37,213,110,37,173,3,0,40,74,289,70,250,4,39
2013,50,379,3.78,18,3,358,60,298,2367.81,59,18,144,110,27,54,304,311,47,42,5,202,156,169,142,33,14,30,12,3,2,122,43,193,115,43,153,7,0,40,37,321,34,277,3,44
2014,50,341,3.32,48,1,292,39,253,2597.69,40,19,101,92,40,40,252,261,31,27,4,180,112,165,96,15,16,13,14,2,2,99,41,152,99,41,121,0,0,31,26,266,25,236,1,30
2015,50,353,3.35,48,1,304,69,235,2667.5,68,17,91,93,35,36,268,256,48,42,6,149,155,130,126,19,29,16,26,3,3,78,51,175,76,49,131,2,2,44,33,271,33,223,0,48
2016,50,290,2.69,56,4,230,49,181,2685.0,49,13,67,64,37,18,212,197,33,30,3,140,90,122,75,18,15,18,12,0,3,77,38,115,74,38,85,3,0,30,35,195,34,163,1,32
2017,50,283,2.56,43,0,240,67,173,2710.7,68,20,57,62,33,27,213,206,34,33,1,127,113,115,91,12,22,11,22,1,0,73,54,113,72,53,81,1,1,32,25,215,25,181,0,34
2018,50,227,2.01,23,1,203,36,167,2842.5,39,6,63,64,31,23,180,176,27,26,1,105,98,92,84,13,14,13,13,0,1,49,42,112,49,42,85,0,0,27,35,168,33,143,2,25
2019,50,189,1.63,33,5,151,18,133,2700.0,18,4,55,55,19,19,132,133,18,17,1,75,76,66,67,9,9,9,8,0,1,35,45,71,35,45,53,0,0,18,30,121,29,104,1,17
